caseid,region,gender,educ,edloan,race,hispanic,employ,marstat,pid7,ideo5,pew_religimp,newsint,faminc_new,union,investor,CC18_308a,CC18_310a,CC18_310b,CC18_310c,CC18_310d,CC18_325a,CC18_325b,CC18_325c,CC18_325d
417614315,3,1,2,2,1,2,5,3,6,3,1,2,1,3,2,2,2,3,3,5,1,2,1,1
415490556,1,2,6,2,1,1,1,1,2,2,3,3,12,3,2,4,3,2,5,5,2,2,2,1
414351505,3,2,3,2,2,2,1,4,2,3,1,3,4,3,1,4,2,2,2,2,1,2,1,2
411855339,1,2,5,2,6,2,5,3,3,1,2,1,6,2,1,4,3,3,3,3,2,1,2,1
417056957,2,1,2,NA,4,2,8,5,1,1,4,2,4,3,2,4,2,1,1,1,2,2,2,1
420208067,2,1,3,2,1,2,1,1,4,5,4,1,10,1,2,4,2,2,3,2,1,2,1,1
412517331,1,1,2,2,1,2,5,5,5,4,3,2,6,3,1,1,3,3,2,2,1,1,1,1
412873566,2,2,3,2,1,2,7,1,7,5,1,3,2,3,2,1,2,2,3,5,1,1,1,1
412948037,1,1,5,1,1,2,1,1,1,1,4,1,11,2,1,4,3,3,3,5,2,2,2,1
413463295,3,1,5,NA,1,2,1,5,1,1,3,1,2,2,2,4,2,2,2,2,2,2,2,1
415732156,3,1,6,2,1,2,1,5,6,5,4,4,16,3,2,1,2,3,2,5,2,1,1,2
416479672,3,2,2,2,1,2,5,4,5,3,1,1,4,3,2,4,2,3,2,5,2,1,2,1
412984205,1,2,3,2,1,2,7,1,3,3,2,1,11,3,1,4,3,3,3,3,2,1,2,2
413002690,3,1,6,2,1,2,1,1,6,5,1,1,11,3,1,1,2,2,2,2,1,1,1,1
414239724,4,1,3,2,3,2,4,5,1,1,3,2,1,3,2,4,1,1,1,3,2,1,2,2
412311163,3,2,3,1,2,2,1,2,1,3,2,3,3,2,1,4,3,5,2,5,2,2,2,1
414204021,2,2,6,1,1,2,9,1,2,1,2,1,11,3,1,4,5,3,2,3,2,1,2,2
412931880,4,1,3,2,1,2,1,5,2,1,4,1,9,3,1,4,3,3,3,3,2,1,1,1
412881399,2,2,4,2,1,2,4,5,3,1,4,3,2,3,2,4,2,5,3,2,2,1,2,1
412985437,3,2,4,2,1,2,6,3,7,3,1,1,3,2,2,1,2,3,2,2,2,2,1,1
411855595,1,1,6,2,1,2,1,1,4,3,4,1,10,3,1,4,3,3,3,3,1,1,2,1
413877573,1,1,5,2,1,2,3,5,3,1,4,1,8,3,2,4,2,3,3,3,2,1,2,1
414018801,4,1,6,2,1,2,1,1,6,3,3,1,12,3,2,2,2,2,2,3,1,1,1,1
413425778,4,2,3,2,1,2,1,5,5,4,3,2,6,3,2,2,3,3,3,3,1,1,2,2
413859987,3,2,6,1,1,2,1,1,7,5,1,1,11,3,1,1,2,2,2,2,1,2,2,2
417838480,3,1,5,2,1,2,1,4,5,1,2,1,7,3,1,1,2,3,2,NA,1,1,1,1
413456067,3,1,5,2,1,2,6,5,2,1,4,4,6,3,1,4,2,2,2,3,2,1,2,1
415423745,1,1,2,NA,1,2,2,5,1,2,4,2,2,3,2,4,3,3,3,1,2,1,1,2
414480371,1,1,5,1,1,2,1,1,4,3,1,1,9,3,1,1,3,3,3,3,1,1,1,1
413336030,4,2,2,2,3,2,9,5,1,3,3,1,4,1,2,4,3,3,3,5,2,1,2,1
413834979,3,1,5,2,1,2,5,1,4,4,2,1,10,3,1,1,3,3,3,2,1,1,1,1
412503538,3,1,6,2,1,2,5,1,1,2,3,1,11,2,1,4,2,3,2,2,2,1,2,1
413497102,1,2,5,1,2,2,4,1,1,2,4,1,3,3,2,4,3,3,3,3,1,2,2,2
413084367,4,1,6,1,1,2,1,1,6,4,1,1,9,3,1,2,2,2,2,3,1,1,1,1
416814438,2,2,5,2,1,2,6,5,1,1,4,2,2,3,2,4,3,3,3,3,2,1,2,1
417149621,3,1,2,2,1,2,1,1,3,3,4,2,8,3,1,4,2,2,2,2,2,1,1,1
412380994,4,2,6,2,1,2,2,4,1,3,4,1,4,3,2,4,2,3,3,2,2,1,2,1
414884778,1,2,3,NA,1,2,8,5,1,2,4,2,13,3,1,4,3,2,2,2,2,1,1,2
412880622,4,2,5,2,1,2,7,1,1,2,4,1,13,3,1,4,2,3,3,2,2,1,2,2
414533452,1,2,5,1,1,2,8,5,2,3,3,1,11,3,2,4,3,3,2,2,2,2,2,2
412276693,3,1,4,2,1,2,1,1,3,1,2,1,10,3,1,4,2,2,2,3,2,1,2,1
414146718,3,1,5,2,1,2,1,6,6,4,4,1,6,2,2,2,3,2,2,2,1,2,2,1
415287363,4,1,6,2,1,2,1,1,3,2,1,1,4,3,1,4,3,3,3,3,2,2,2,1
412380857,4,2,6,1,1,2,1,1,7,3,2,1,9,3,2,1,2,2,2,2,1,1,1,2
412118399,2,2,5,2,1,2,1,1,2,2,3,3,11,3,1,4,5,5,5,5,2,1,1,1
416806180,2,1,3,1,1,2,1,1,6,3,2,1,10,1,1,2,2,2,3,3,1,1,1,1
417080245,3,1,5,2,1,2,1,1,7,4,3,1,12,3,1,1,2,3,2,2,1,1,1,1
415300641,2,2,4,2,2,2,1,5,3,2,1,1,6,3,2,3,3,3,5,NA,1,1,1,1
414628957,3,1,2,NA,1,2,1,1,2,3,3,2,4,3,2,1,2,2,2,2,2,1,1,2
417838586,3,1,4,2,1,2,1,1,7,5,1,1,7,2,1,1,2,2,2,2,1,1,1,2
415151821,3,2,2,NA,3,2,2,6,2,3,4,4,5,3,2,4,5,5,5,5,1,1,1,1
415459688,3,2,2,2,1,2,2,1,4,3,4,4,7,3,2,3,5,5,5,5,2,1,2,1
414273888,3,2,2,2,1,2,5,1,4,3,2,3,10,3,1,3,2,3,2,3,2,2,2,1
347845625,2,2,6,1,1,1,8,1,7,4,1,1,6,3,1,1,2,2,3,3,1,1,1,1
412913979,4,1,5,2,1,2,1,1,4,5,1,2,5,3,2,1,3,2,3,3,1,1,2,1
418258996,4,1,4,1,3,2,8,5,3,3,3,2,1,3,2,4,3,5,5,5,2,2,1,2
412982541,3,1,3,2,1,2,1,1,5,5,1,1,7,2,1,1,2,3,2,NA,1,1,1,1
417353879,3,1,6,2,1,2,1,1,4,3,3,1,11,3,1,4,2,2,2,2,2,1,2,1
412340210,4,2,6,2,1,2,5,3,2,3,2,2,7,2,2,4,3,3,5,2,2,1,1,1
416198060,3,1,3,NA,4,2,8,5,1,2,1,2,9,3,2,3,5,1,2,1,2,2,1,2
412413445,3,2,4,1,2,2,3,5,1,3,2,2,5,3,2,1,5,3,5,5,1,1,1,1
412794640,2,2,4,2,1,2,1,6,1,3,1,3,5,3,2,4,1,5,1,5,2,2,2,1
417834862,4,2,4,2,3,2,1,1,1,2,2,1,8,1,2,4,2,2,2,2,2,2,2,1
414048247,3,1,5,1,2,2,1,1,2,3,3,1,8,3,1,3,3,2,2,2,1,1,2,1
414002460,4,2,5,2,1,2,7,1,7,5,1,3,11,3,1,2,2,3,2,2,2,1,2,1
414729651,2,1,2,2,1,2,5,1,2,1,4,1,2,3,2,3,2,3,3,2,2,1,2,1
414170804,3,1,5,2,1,2,1,5,3,3,3,3,9,3,2,4,2,5,2,5,1,1,1,1
414359624,3,2,2,NA,3,2,1,5,6,3,2,2,5,3,2,2,2,3,5,3,2,1,2,1
412021973,1,1,6,2,1,2,5,1,1,2,4,1,13,2,1,4,3,3,2,2,2,2,2,1
415455668,3,2,3,NA,1,2,8,5,5,3,1,1,5,3,2,4,2,2,2,3,2,1,1,1
414570461,2,2,4,1,3,2,2,6,2,2,3,3,3,3,2,4,5,3,1,1,2,1,1,1
414206045,3,2,1,2,2,2,4,5,2,4,1,3,5,3,2,4,3,3,3,3,2,1,1,2
412944227,2,1,4,2,1,2,1,5,1,2,2,1,7,3,2,4,2,3,3,3,2,1,2,1
415332185,1,2,6,2,1,2,4,4,1,1,3,1,9,3,1,4,3,3,3,3,2,2,2,1
412950503,4,2,1,2,1,2,6,3,1,2,4,1,1,3,2,4,3,2,3,3,2,2,1,2
414563002,3,2,4,2,1,2,1,1,3,3,3,2,6,3,2,4,2,5,2,2,1,1,1,1
414378813,3,2,2,NA,1,2,7,1,6,4,2,3,4,3,1,2,3,2,1,2,2,2,2,1
412348831,2,1,5,2,1,2,1,1,1,3,2,1,8,2,2,4,2,5,5,2,2,1,1,1
415289823,1,2,5,1,1,2,1,1,2,3,4,4,9,1,1,4,3,5,5,5,2,1,1,2
412929385,1,1,5,2,1,2,1,1,1,1,4,1,7,2,1,4,3,3,3,3,2,2,2,2
413013788,4,2,2,2,1,2,5,3,3,1,3,1,4,2,2,4,3,3,3,3,2,2,2,1
413317067,2,2,3,1,1,2,9,2,1,1,1,1,2,3,2,4,2,3,3,5,2,1,2,1
414709279,2,1,5,1,1,2,1,5,3,3,2,4,4,1,2,2,2,3,2,2,1,1,2,1
420196837,3,2,4,2,1,2,1,6,6,4,1,1,4,3,2,1,2,2,2,2,2,1,1,1
416255584,2,2,2,2,1,2,5,1,7,5,1,1,4,3,2,1,1,3,2,2,2,2,2,1
412992795,3,1,2,2,1,2,2,5,7,5,1,2,2,3,2,1,2,3,2,2,1,1,1,2
412047867,2,1,5,2,1,2,1,1,7,5,1,1,11,3,2,1,2,3,3,3,1,2,2,1
414179604,4,2,3,2,1,1,7,1,3,3,1,3,6,3,2,4,1,1,1,1,2,1,1,1
412340859,2,1,4,2,1,2,5,4,4,4,2,1,4,2,1,1,2,3,3,2,1,2,1,1
412942845,2,1,3,2,1,2,1,1,3,3,4,1,9,1,1,2,2,3,3,2,2,1,2,1
417077498,3,1,6,2,3,2,1,1,1,2,3,1,15,2,1,4,2,2,2,2,2,2,2,1
412344340,4,2,3,1,1,2,2,3,3,2,3,2,2,1,2,4,3,3,5,5,2,1,2,1
414367203,1,2,2,2,1,2,7,1,6,2,3,4,7,3,2,3,5,5,5,5,1,1,1,2
413821352,3,1,5,NA,1,2,1,1,6,4,2,2,10,1,1,2,2,4,3,2,1,1,2,2
417211242,4,1,3,1,2,2,1,1,2,3,3,4,10,2,2,4,5,5,5,1,2,1,2,1
418252134,2,1,6,1,1,2,1,1,3,3,1,1,9,1,1,4,2,2,3,2,2,1,2,1
412873793,4,2,3,2,1,2,5,5,1,3,2,4,2,2,2,4,3,3,5,5,2,1,1,1
414402732,3,1,5,2,2,2,1,5,6,3,3,2,7,3,1,2,2,3,5,5,1,1,1,2
412274316,3,2,2,2,1,2,7,1,3,2,4,1,3,3,2,4,2,2,2,2,2,1,1,1
412306590,2,2,5,2,1,2,2,1,1,3,2,2,8,3,1,4,2,3,3,2,2,2,1,1
415931193,2,2,2,2,1,2,6,5,3,3,1,3,5,3,2,4,2,3,3,3,2,1,1,2
414200409,4,2,5,NA,1,2,7,1,6,4,1,3,7,3,2,3,2,2,2,3,2,2,2,2
420237745,3,1,5,1,1,2,8,5,1,2,1,1,3,3,2,4,2,2,2,2,2,1,1,1
412348490,4,1,4,2,1,2,6,1,3,4,2,1,5,3,1,4,5,2,3,2,1,1,1,1
414196043,3,2,4,2,1,2,8,1,1,2,2,3,2,3,2,4,5,5,5,5,1,1,1,1
417353856,4,1,6,2,1,2,5,1,1,2,3,1,10,2,1,4,3,3,3,3,2,2,2,2
415447008,3,2,5,1,1,2,8,5,6,4,1,2,8,3,2,3,5,5,2,5,1,1,1,2
413307422,1,1,6,NA,1,2,1,3,6,4,3,1,11,3,1,2,3,3,2,3,1,1,1,1
416386894,1,1,5,1,1,1,1,1,6,3,1,1,6,2,1,2,3,3,3,3,1,2,2,1
414174679,2,2,1,2,1,2,4,5,2,4,3,3,2,3,2,4,5,5,5,5,2,2,2,2
414615873,4,1,5,2,4,2,1,1,7,4,1,2,5,3,2,2,3,3,2,3,1,2,2,2
416424077,3,2,3,2,2,2,1,5,1,1,1,2,5,3,2,4,NA,NA,NA,3,2,1,1,2
412331497,1,1,6,1,1,2,1,3,1,1,4,1,6,2,1,4,3,3,2,2,2,2,2,1
412298157,1,1,5,2,1,2,1,1,2,3,4,1,11,3,1,4,3,3,2,NA,2,2,2,2
415899191,2,1,2,1,1,2,5,1,4,3,4,4,2,3,2,1,2,3,5,5,2,1,1,1
414349046,3,2,3,2,1,2,7,5,7,5,2,1,6,3,2,1,3,2,2,2,1,1,1,1
415217338,3,2,6,2,4,2,1,5,1,1,4,3,6,3,1,4,2,5,2,5,1,2,1,1
412355022,3,2,2,NA,1,2,5,1,6,4,2,1,6,3,1,1,3,3,3,2,1,1,2,1
417616011,2,1,2,1,1,2,1,1,7,4,1,1,7,1,2,1,2,2,3,5,1,1,1,1
418474316,4,2,3,1,4,2,1,5,3,3,3,4,9,3,1,4,1,1,1,3,1,1,1,2
415300474,4,2,3,2,3,2,1,1,2,2,2,2,7,3,2,4,3,3,3,3,2,1,1,2
420344153,3,1,5,2,7,2,8,3,4,3,4,1,8,2,1,1,3,2,2,2,1,1,1,1
413365248,3,1,3,2,1,2,1,4,7,4,2,3,7,1,1,1,2,5,2,5,2,2,2,1
414591170,2,2,2,NA,2,2,1,1,2,4,1,1,8,3,2,4,2,2,3,3,1,2,1,2
412330972,3,1,5,2,1,2,5,1,6,4,3,1,7,3,1,1,2,3,2,2,1,1,2,2
415906201,2,1,2,2,1,2,6,1,2,3,2,2,3,3,2,4,5,3,2,2,2,1,1,1
417080032,3,1,3,2,1,2,5,1,7,5,1,1,5,3,2,1,2,3,2,2,1,1,2,2
412331705,4,1,3,2,1,2,1,1,5,3,1,1,8,3,1,1,4,2,2,2,1,1,2,1
413192261,3,2,4,2,1,2,5,5,7,5,1,1,6,3,2,1,2,2,2,2,1,1,1,1
413404307,3,2,5,1,1,2,1,1,2,2,2,4,10,3,1,4,5,5,2,3,2,2,2,1
414342904,2,2,3,NA,3,2,8,5,3,2,4,3,1,3,2,4,2,3,2,1,1,1,1,1
415474048,3,2,2,2,1,2,5,1,2,3,2,3,4,3,2,4,2,3,3,3,2,1,1,2
414371249,3,2,2,2,1,2,2,1,1,4,1,1,5,3,2,4,2,3,2,5,2,1,1,1
416578010,3,1,2,2,1,2,5,1,7,4,2,1,9,2,1,1,2,3,3,3,1,1,1,1
414136190,1,1,2,2,1,2,1,4,3,2,3,1,3,2,2,4,3,3,3,2,2,1,2,1
418962298,2,1,2,NA,1,2,1,5,3,1,4,1,4,3,2,4,5,3,5,3,2,2,2,2
418067510,2,1,6,2,1,2,5,5,3,1,2,1,10,2,1,4,2,2,3,2,2,2,2,1
416860489,3,2,3,2,1,2,1,1,7,3,1,2,8,3,2,1,2,3,2,2,1,1,1,1
411879022,1,2,5,1,1,2,1,1,4,3,1,1,12,2,1,4,2,3,3,3,2,2,2,2
412240141,1,1,6,2,1,2,1,1,3,1,2,1,9,2,1,4,2,3,3,3,2,1,2,1
412888607,1,2,2,2,1,1,6,1,2,3,2,2,4,3,2,4,3,3,3,3,2,1,1,1
415231154,4,1,3,1,2,1,1,5,3,3,1,1,4,3,2,4,3,5,2,2,1,1,2,1
416428983,3,2,2,2,1,2,4,1,7,5,1,1,5,3,1,1,2,2,2,2,1,1,2,1
414619068,3,1,3,NA,1,2,8,5,4,3,1,2,1,3,2,2,3,2,2,1,1,1,1,2
412307317,3,2,3,2,1,2,5,1,5,5,1,1,6,3,2,2,2,3,2,2,1,1,1,1
416244174,1,2,6,1,2,2,1,6,3,1,3,1,8,3,2,4,3,3,3,3,2,2,2,1
412991840,3,1,4,1,1,2,1,1,4,2,3,1,9,2,1,4,2,2,2,2,2,2,2,1
415856200,2,1,4,2,1,2,1,6,1,2,4,2,9,1,2,4,3,5,3,5,2,1,1,1
412307472,2,2,4,2,7,2,6,6,1,2,4,1,5,3,2,4,2,2,3,3,2,1,2,1
413410045,2,2,5,1,1,2,1,1,3,3,3,1,10,3,2,4,2,3,3,3,2,2,2,1
412080189,3,1,6,2,1,2,1,1,1,1,2,2,9,3,1,4,2,3,2,3,2,1,2,1
418065455,3,1,6,2,1,2,5,3,5,4,4,1,8,3,2,1,2,3,2,3,1,1,2,1
412324562,2,2,2,2,1,2,5,1,4,3,2,2,7,3,1,4,5,5,5,2,2,1,1,1
412345769,3,1,6,2,1,2,5,1,4,2,1,1,12,3,1,3,2,2,2,2,1,1,1,1
417049513,4,2,2,2,6,2,5,1,1,1,4,1,5,3,1,4,3,2,3,2,2,1,2,1
413291660,3,1,4,2,1,2,6,1,5,4,1,1,3,3,2,1,2,2,2,2,1,1,1,1
412424146,1,2,2,2,1,2,1,5,7,5,1,1,6,3,2,1,3,3,3,2,1,1,2,1
414327906,2,2,1,2,1,2,5,5,6,3,4,2,2,3,2,4,2,2,3,2,2,1,2,1
417351589,1,1,6,1,1,2,1,1,4,3,4,1,8,3,1,4,3,3,2,3,2,2,2,1
410750488,2,2,4,1,1,2,2,1,2,2,3,3,9,3,1,3,5,5,5,5,1,1,1,1
412949822,2,1,2,2,1,2,1,1,7,5,3,1,10,3,2,1,3,2,3,2,2,1,1,2
412297426,3,2,6,2,1,2,5,1,5,5,2,1,7,3,2,1,2,2,2,2,1,1,1,1
420315117,3,1,5,2,1,2,1,1,2,2,4,1,12,2,1,4,2,3,3,3,2,1,2,1
420128803,4,2,6,2,1,2,5,1,4,2,2,1,5,2,2,4,3,3,3,3,1,2,2,1
413061899,3,2,2,2,1,2,2,4,7,4,2,1,2,3,2,1,2,2,2,2,1,2,1,1
412925780,3,2,5,2,1,2,1,1,6,3,2,2,11,3,1,2,2,5,3,5,1,1,1,2
416823935,4,1,2,2,1,2,1,1,1,2,4,1,9,3,1,4,3,3,3,2,2,2,2,1
413160976,3,1,6,1,1,2,1,1,2,3,1,1,7,1,1,4,2,2,2,2,1,1,2,2
418890934,3,1,3,2,1,1,3,3,3,2,3,1,11,3,2,4,2,2,2,5,2,2,2,2
417080152,3,1,6,2,1,2,4,1,3,2,4,1,11,3,1,4,2,2,2,2,2,2,2,1
412278455,4,2,2,2,1,2,5,3,2,3,3,3,7,2,2,3,3,3,3,3,2,1,2,1
411859566,2,2,6,1,1,2,2,1,1,1,4,1,6,1,2,4,2,3,3,3,2,2,2,1
413105696,3,1,5,1,3,2,1,1,2,2,2,2,8,1,1,3,3,2,2,2,2,1,2,1
419282250,4,2,5,2,3,2,1,3,2,2,2,2,11,3,1,4,3,3,3,2,2,2,2,1
420160112,1,1,3,2,1,2,2,1,4,4,4,1,6,1,2,4,3,3,3,5,1,2,2,1
412855690,1,2,2,2,1,1,7,1,1,3,1,1,5,3,2,4,3,3,2,2,1,1,2,1
412339946,2,2,1,2,1,2,7,1,7,5,2,1,5,3,2,1,3,2,5,5,1,1,1,2
416161318,3,2,6,1,4,2,1,5,4,3,1,2,7,3,1,4,NA,NA,NA,3,2,1,2,1
417892910,3,2,2,NA,1,2,7,1,3,3,1,3,3,3,2,2,2,3,2,3,1,1,2,1
414199241,2,2,2,2,1,2,5,4,1,3,2,4,3,3,2,4,2,5,3,3,2,2,2,2
412345958,3,2,5,2,3,2,9,6,1,2,2,2,4,3,1,4,2,2,2,3,2,1,1,2
411854243,3,1,3,2,1,2,1,1,4,3,3,1,3,2,1,3,2,3,2,5,2,1,2,1
415752437,1,1,2,2,1,2,5,1,7,5,2,1,7,1,2,1,3,3,3,2,1,1,1,1
418065692,2,1,3,2,1,2,6,5,2,2,4,2,2,3,2,2,2,2,2,2,2,1,1,2
413062346,3,1,1,2,1,2,2,3,4,4,2,3,3,3,2,2,2,3,5,5,1,1,2,2
416382952,3,2,1,NA,2,2,4,5,1,4,2,3,1,3,2,2,2,5,2,5,1,1,1,2
412274529,2,1,5,1,1,2,1,1,3,2,1,2,10,2,2,4,2,2,3,2,2,1,2,1
410770153,1,1,6,2,1,2,5,1,1,1,3,1,13,3,1,4,3,3,2,3,2,2,2,1
416832977,1,1,5,2,4,2,1,1,4,4,4,2,8,1,1,2,3,5,5,5,NA,1,1,2
414331667,4,2,5,NA,1,2,1,1,1,3,3,2,9,3,1,3,5,5,5,5,1,1,1,1
416257159,4,2,6,1,4,2,1,5,1,2,2,4,11,1,2,4,2,3,3,2,2,2,2,1
412273773,2,2,3,NA,4,2,8,5,2,3,1,4,9,3,2,2,3,5,3,5,1,1,1,2
412022635,3,1,5,2,1,2,5,1,7,5,1,1,7,2,2,1,3,2,2,2,1,1,2,1
415802716,4,2,2,2,3,2,4,1,3,3,2,2,3,3,2,4,5,2,2,3,2,1,1,2
412275442,4,2,5,2,1,2,2,1,1,2,3,3,8,2,1,4,3,3,3,5,2,1,1,2
414223923,1,2,2,2,1,2,7,6,4,3,1,4,5,2,2,3,4,4,3,4,1,2,1,1
420231612,3,1,4,2,1,2,5,1,7,5,3,1,6,2,1,1,2,3,2,NA,1,1,1,2
410941943,3,1,6,2,1,2,1,1,3,3,1,1,10,3,1,4,3,2,2,2,2,1,2,1
416974464,2,2,2,2,1,2,1,1,2,2,2,2,9,2,2,4,2,3,3,2,2,1,1,1
419531882,3,1,5,1,3,2,1,1,3,3,1,2,8,3,1,4,2,5,2,3,2,1,1,1
410746773,3,1,5,2,1,2,2,3,7,5,1,1,3,3,1,1,2,3,2,2,1,1,2,1
410904167,2,1,5,1,1,2,1,1,7,4,1,1,9,3,1,1,2,3,2,2,1,1,1,1
417352647,4,1,5,2,1,2,1,1,2,2,4,1,10,3,1,4,3,3,3,3,2,1,2,2
415242245,2,2,3,NA,2,2,1,5,1,2,2,1,4,2,2,4,2,3,4,3,2,1,1,1
414431857,3,1,5,2,3,2,1,5,4,4,1,1,8,1,1,3,2,2,2,3,1,1,1,1
413066308,1,1,5,2,7,2,2,1,4,4,3,1,7,3,2,1,2,3,3,3,1,2,2,1
418197276,3,1,2,2,1,2,1,1,5,4,2,1,8,3,2,1,2,2,2,2,1,2,1,1
419611863,2,2,3,1,6,2,2,6,4,2,4,2,5,3,2,4,5,5,3,2,2,2,2,2
414518088,3,2,3,2,2,2,2,4,1,3,1,1,7,3,2,4,3,3,3,2,2,1,1,1
412954060,2,2,3,2,1,2,5,1,5,4,2,1,4,3,2,2,2,2,3,2,1,1,1,1
414195665,1,2,5,2,1,2,1,5,1,2,4,2,1,3,2,4,3,3,5,5,2,2,2,1
412369020,4,1,2,2,1,2,1,3,6,2,4,1,9,2,1,3,3,3,3,3,1,2,2,1
417615808,4,2,4,1,1,1,2,1,1,2,2,2,12,3,2,4,2,2,3,3,1,2,2,1
412306675,2,1,5,2,1,2,1,1,1,3,2,1,14,3,1,4,2,2,3,2,2,1,2,1
412899054,4,1,5,1,1,2,1,3,3,3,2,1,7,3,1,4,3,3,3,3,2,1,1,1
417130388,3,2,3,1,3,2,1,6,4,3,2,3,6,3,2,4,5,5,3,5,1,1,1,2
415325555,2,2,6,2,1,2,5,1,1,1,1,1,12,1,1,4,2,2,3,2,2,1,1,2
412873680,1,2,4,1,1,2,7,5,2,2,4,2,3,3,2,4,1,1,1,1,2,2,2,1
416553786,2,1,5,2,3,2,1,1,2,3,3,2,4,1,2,3,2,1,1,1,2,1,1,2
418251432,3,1,6,1,1,2,1,3,3,2,4,2,6,3,2,3,2,2,2,1,2,2,1,1
410940752,4,2,3,2,1,2,7,1,7,5,1,1,3,3,2,1,2,2,2,2,1,2,1,1
418299009,3,1,5,1,3,2,6,1,1,2,3,1,6,3,2,4,2,3,2,3,2,2,2,2
415924214,3,2,2,NA,1,2,1,5,6,4,1,2,4,3,1,1,2,3,2,3,1,1,2,1
414634994,3,2,1,2,1,2,6,5,4,2,4,1,8,3,2,4,2,3,2,2,2,2,1,2
415949531,3,1,2,NA,2,2,3,2,4,5,1,3,2,1,2,3,NA,NA,NA,4,2,2,2,1
419225499,2,2,5,1,1,2,6,1,5,5,1,1,9,3,1,2,3,3,3,3,1,1,2,1
419521901,1,1,2,NA,1,2,1,5,6,4,2,2,10,3,1,2,3,5,2,1,2,1,1,1
412423118,4,2,3,2,1,2,1,3,1,3,1,2,7,2,1,4,3,2,2,3,2,1,1,1
412957235,4,1,3,2,1,2,5,5,1,2,4,1,3,3,2,4,2,2,2,4,2,1,1,1
419421301,4,1,2,NA,1,2,1,5,1,3,2,3,2,3,1,2,2,5,5,5,1,1,1,1
413491614,1,2,6,2,1,2,1,5,1,1,3,1,9,3,1,4,3,3,3,3,2,2,1,2
417353362,3,1,6,2,1,2,5,1,7,4,4,1,8,3,1,1,3,2,2,2,1,1,1,1
413621928,1,2,5,1,1,2,1,4,4,3,4,2,5,3,1,2,3,3,3,3,1,1,2,2
415545619,4,1,3,NA,1,2,2,3,7,3,3,2,4,2,1,1,5,2,3,5,2,2,1,1
412354541,1,2,2,1,1,2,2,5,1,1,2,1,2,1,2,3,3,5,2,3,2,1,2,2
413580580,3,1,6,2,4,2,1,1,5,4,1,1,12,3,1,1,3,3,3,2,1,1,1,1
412341718,4,1,6,2,1,2,1,1,1,1,4,1,15,3,1,4,3,3,3,3,2,2,2,2
412468723,3,2,6,2,2,2,1,1,1,1,2,1,12,3,1,4,2,2,2,2,2,2,2,1
412936605,3,2,2,2,1,2,2,1,7,5,1,3,2,1,2,2,5,5,5,5,1,NA,NA,NA
412297019,1,2,3,2,1,2,5,1,3,3,1,1,2,3,2,4,2,4,2,2,2,1,1,1
420170366,3,2,6,1,1,2,1,5,1,2,1,1,10,1,1,4,3,3,3,3,2,2,2,2
420291206,4,1,3,2,2,2,4,5,2,2,3,3,3,3,2,4,3,3,3,5,2,1,1,1
417928575,3,2,5,NA,3,2,7,1,2,3,2,2,7,3,2,3,2,1,2,1,2,1,1,1
413659546,4,2,5,2,1,2,1,1,7,4,1,1,9,2,2,1,3,3,3,3,2,2,2,2
410750912,1,1,5,1,1,2,1,5,7,5,1,2,3,3,1,1,3,3,2,2,1,1,1,2
412448126,3,2,5,2,1,2,7,1,6,4,1,3,2,3,2,3,1,1,2,5,1,2,2,1
416204318,1,1,2,2,1,2,5,3,6,4,2,1,6,2,1,2,3,3,2,NA,1,1,1,1
412506714,2,1,5,2,1,2,1,1,3,3,4,2,14,3,1,4,2,2,2,2,2,1,2,1
412872660,4,2,5,2,1,2,4,1,7,5,1,1,9,3,1,2,3,3,3,3,1,2,1,1
413121467,1,2,5,1,1,2,1,1,3,1,4,1,12,2,1,4,3,3,3,2,2,1,2,1
412319708,2,2,5,2,1,2,5,3,1,3,3,1,3,2,2,4,5,3,5,5,2,2,2,2
417181768,3,2,2,2,1,2,5,1,3,3,1,2,6,3,2,4,5,2,5,2,2,1,2,2
412933152,4,1,5,2,1,2,1,1,1,1,3,1,8,3,2,4,3,3,3,3,2,2,2,1
414383640,1,1,2,NA,1,2,4,5,3,3,1,1,4,3,2,2,5,5,5,5,1,1,1,1
413804303,4,2,4,2,1,2,5,4,7,5,2,1,4,3,1,1,2,3,2,5,2,1,1,1
412540323,3,1,3,2,1,2,6,1,5,5,1,1,4,2,2,1,2,2,2,2,1,2,2,1
414468174,1,2,3,NA,1,2,8,5,6,4,2,2,10,3,2,2,2,3,1,5,1,1,1,1
420259256,2,2,2,2,1,2,1,1,4,3,1,2,10,3,1,2,3,3,3,2,1,1,1,1
412943582,4,1,2,2,1,2,5,1,7,4,1,1,6,3,2,1,2,2,3,2,1,2,1,1
410934387,2,2,4,2,1,2,1,3,2,3,2,2,4,3,2,3,5,3,2,3,2,1,1,1
412452848,4,1,2,2,1,2,5,1,5,4,2,1,9,2,1,1,3,3,3,2,1,2,1,1
412893029,3,2,6,1,1,2,1,5,1,2,2,1,9,3,1,4,2,5,2,2,2,1,1,1
412350404,3,2,6,2,1,2,6,4,4,4,2,2,3,2,1,2,3,2,2,3,2,2,2,1
416369140,3,1,2,2,1,2,5,3,5,5,3,2,3,2,2,1,2,2,2,2,1,1,2,1
416860151,2,2,4,1,1,2,1,1,1,1,4,1,9,3,1,4,2,2,3,2,1,1,1,1
412269951,1,2,6,2,1,2,1,1,1,2,4,1,9,1,1,4,3,3,3,2,2,1,2,1
414160692,1,1,2,NA,2,2,2,5,3,2,1,2,3,3,2,4,3,3,3,NA,2,2,1,2
414473863,2,2,2,2,1,2,5,1,7,5,1,1,5,3,1,1,2,2,3,2,1,1,1,1
414332664,3,1,3,2,2,2,4,5,2,3,2,3,2,3,2,4,2,3,2,2,2,1,1,2
412940299,1,2,3,2,3,2,1,3,2,2,4,2,6,2,2,2,3,3,3,5,2,2,2,1
412512064,3,1,3,1,1,2,5,1,5,3,2,1,12,3,1,3,2,2,2,3,2,2,2,2
414227855,1,2,3,1,1,2,1,1,2,2,4,1,7,3,2,4,3,3,5,2,2,1,1,1
414365698,1,2,3,1,1,2,1,5,7,5,2,2,11,3,1,1,3,3,3,5,1,1,2,1
412339519,1,2,5,1,1,2,1,1,2,3,3,1,13,3,1,4,3,3,3,3,1,2,2,1
417181683,2,2,2,2,1,2,5,1,6,2,1,2,5,3,1,1,5,5,5,5,1,1,1,1
415324770,1,2,3,1,1,2,8,5,2,3,4,3,6,3,2,4,3,2,4,4,1,1,2,1
413314979,1,1,4,2,1,2,2,1,7,5,4,1,12,3,1,1,3,2,3,3,1,2,1,1
412301293,1,1,5,2,1,2,5,1,1,1,4,1,7,1,1,4,3,3,2,2,2,1,1,1
416412572,2,1,5,2,1,2,1,1,5,3,3,1,12,3,1,3,2,3,3,3,1,1,1,1
416824499,4,1,2,2,1,2,1,1,5,4,3,1,6,1,2,1,2,2,5,3,1,1,1,1
413622202,3,2,5,1,2,2,1,1,1,2,1,1,9,3,2,4,2,3,5,2,2,1,1,1
412013435,4,1,2,2,1,2,6,3,1,2,2,2,5,3,2,4,3,3,5,5,1,1,1,2
414543500,3,2,5,2,1,2,1,5,1,2,3,2,9,3,1,4,3,3,3,3,2,1,2,1
412519845,3,1,4,1,3,2,6,5,7,5,1,1,2,3,2,2,2,3,2,3,1,1,1,1
411879915,3,2,6,2,1,2,7,1,7,4,1,1,13,3,1,1,2,2,2,3,1,1,1,1
414420609,3,2,1,NA,1,2,1,3,7,5,1,3,3,3,2,3,5,5,2,2,2,1,1,1
412166647,4,2,5,1,1,2,2,5,3,2,4,2,6,3,2,4,3,3,3,3,2,1,1,1
413313070,3,1,1,2,1,2,4,5,4,3,4,1,2,3,2,2,2,3,2,3,1,1,2,1
413895996,3,2,4,2,1,2,1,1,7,5,1,1,10,3,1,1,3,2,3,2,1,1,1,1
419798396,1,1,2,2,1,2,6,6,5,5,4,2,3,3,2,1,3,3,2,2,1,1,1,1
412291969,4,1,3,2,1,2,4,5,6,3,1,1,4,3,2,4,2,2,2,1,2,1,2,1
412303998,1,2,3,2,1,2,5,1,4,4,1,1,5,3,2,2,2,3,3,3,1,1,1,1
413126859,1,2,5,1,4,2,6,5,4,1,3,2,2,3,1,4,2,3,3,3,2,1,1,2
413497817,4,2,3,2,1,2,1,1,6,3,2,3,2,1,2,2,5,5,5,5,1,1,1,2
412374007,2,2,5,2,1,2,1,1,1,2,4,4,7,3,1,4,5,3,2,2,2,1,2,1
412012728,3,1,6,2,1,2,2,1,6,3,3,1,15,2,1,2,NA,NA,NA,3,1,1,1,1
413672292,4,2,5,2,1,2,1,5,5,3,3,1,14,3,1,1,2,2,2,2,1,1,1,1
410904812,3,1,5,2,1,2,9,4,4,3,3,2,3,3,2,4,2,3,2,5,2,2,1,1
412374952,3,1,3,2,1,2,6,3,5,4,1,2,2,3,2,1,3,2,2,2,2,1,2,2
415183210,3,2,5,2,2,2,4,5,1,1,2,2,7,3,2,4,2,5,2,3,2,1,1,2
414212783,1,1,2,2,1,2,5,1,7,4,3,1,9,3,1,1,3,3,3,3,1,1,1,1
410689586,4,1,5,2,1,2,1,1,3,1,4,1,9,3,2,4,3,3,3,2,2,1,2,1
414281289,2,2,2,2,1,2,5,1,6,4,1,3,6,3,1,2,2,3,2,5,2,2,2,1
414316363,3,2,2,2,1,2,7,1,7,3,2,2,4,3,2,1,2,3,2,2,1,1,1,2
412961152,2,1,5,1,1,2,1,5,4,3,4,2,9,3,2,4,2,5,5,5,1,1,2,1
417015985,3,2,2,2,1,2,5,5,3,1,4,1,3,3,1,4,5,1,5,1,1,1,2,1
414404352,3,1,4,NA,3,2,8,5,4,3,1,3,2,3,2,4,2,5,2,5,1,2,2,2
415304612,2,2,2,2,1,2,7,5,1,4,1,1,3,3,2,3,3,2,3,5,1,1,2,1
417690718,4,2,3,2,3,2,1,5,5,3,4,3,3,3,2,2,2,2,3,3,1,1,2,2
417080826,1,1,5,2,1,2,1,1,5,5,1,1,12,3,1,1,3,3,3,3,1,1,1,1
417617392,3,1,6,2,1,2,5,1,1,3,3,1,10,3,1,4,2,2,2,2,2,1,2,2
414518120,3,2,6,2,1,2,1,1,2,2,4,3,10,3,2,3,2,2,2,3,2,1,1,1
413458433,2,2,2,2,1,2,1,1,1,2,1,1,6,2,1,4,2,2,2,2,2,2,2,1
415918483,4,1,5,2,1,2,1,1,4,3,2,1,12,3,2,3,3,3,3,3,1,1,1,1
412879923,3,1,2,2,1,2,5,1,7,5,1,1,8,2,1,1,2,2,2,2,1,2,2,1
412903603,3,1,5,2,1,2,1,5,7,4,3,1,6,3,1,2,2,2,2,2,1,1,1,1
415194074,2,2,4,NA,1,2,2,5,2,2,4,2,3,3,1,4,2,3,2,2,2,1,1,2
413204278,3,2,2,2,1,2,4,6,1,3,3,2,5,2,2,4,2,3,2,3,2,1,1,2
413947690,3,1,4,2,2,2,5,1,1,3,3,2,7,2,2,4,2,2,2,1,2,2,2,1
417080443,4,1,2,2,1,2,5,1,7,5,2,1,11,2,1,1,3,3,3,3,1,2,2,1
414191558,3,2,2,2,1,2,7,1,3,3,1,4,9,3,2,3,3,2,2,5,1,1,1,2
412354820,2,2,4,2,3,2,1,4,7,4,2,1,8,3,1,2,2,3,3,2,1,2,2,1
414755789,4,2,2,2,1,2,7,6,5,5,1,1,4,3,2,2,2,5,5,2,1,1,2,2
414149158,4,1,3,2,1,2,1,1,6,4,1,1,12,2,1,1,3,3,3,3,1,1,2,1
413941833,2,1,2,2,1,2,5,1,5,5,1,1,3,2,2,1,2,3,2,2,2,1,2,2
411887164,4,2,3,2,1,2,1,5,7,4,4,1,2,2,2,4,3,3,3,2,2,2,2,1
415717357,1,1,5,2,1,2,1,1,6,5,1,1,4,2,1,2,3,3,3,2,1,2,2,1
417835248,2,1,5,2,1,2,4,1,5,5,1,1,6,2,2,2,2,3,3,2,1,2,2,1
412282737,3,1,3,2,1,2,6,1,5,5,1,1,7,3,1,1,5,3,3,2,1,1,1,1
413501475,3,1,5,2,4,2,1,1,1,2,1,1,8,3,1,4,2,2,2,2,2,1,1,1
412873954,1,2,5,2,1,2,2,1,3,1,4,2,9,3,2,4,2,3,3,3,2,1,1,1
415198395,2,1,4,1,2,2,1,5,1,4,2,1,7,3,1,4,2,2,2,3,2,2,1,1
414227390,3,1,6,2,1,2,2,1,3,2,1,1,7,2,1,1,2,3,2,5,2,1,2,1
420245662,1,1,6,2,1,2,1,1,7,4,1,1,8,3,1,3,3,3,2,2,1,1,1,1
418874286,4,2,5,1,1,2,1,1,2,1,4,1,10,3,2,4,2,3,3,3,2,1,2,1
413161427,3,1,2,2,1,2,5,5,7,5,1,1,3,3,2,1,2,2,2,2,1,1,2,1
415341316,4,1,6,2,1,2,1,5,1,1,4,1,9,2,1,4,3,3,3,3,2,1,2,1
413408345,3,1,2,2,1,2,5,1,7,5,1,1,6,3,2,1,3,2,2,2,1,1,1,1
414220141,3,1,3,2,3,2,1,5,4,3,1,2,4,3,2,1,2,3,3,3,1,1,2,1
412765525,1,2,5,2,1,2,1,1,6,5,1,4,5,3,2,3,3,5,2,3,1,1,1,1
414161307,3,2,6,1,2,1,1,1,5,3,1,1,10,3,1,4,2,2,3,2,1,1,2,1
412866476,3,2,2,NA,1,2,2,1,6,4,1,1,7,3,1,1,3,2,2,2,1,1,1,1
420210515,4,1,3,2,1,2,1,1,4,3,2,1,6,3,2,1,5,5,5,5,2,1,1,1
414231445,3,2,3,1,1,2,6,5,1,3,4,2,1,3,2,4,2,3,5,5,2,1,1,1
412899005,3,2,5,2,1,2,5,1,4,3,3,1,8,2,1,2,5,3,5,5,1,1,1,1
419499751,3,1,2,NA,1,2,4,5,2,1,1,2,3,3,2,2,5,1,2,3,1,1,2,1
412355402,1,2,4,2,2,2,2,5,2,4,1,2,9,1,1,4,3,3,3,2,1,1,2,1
412881090,4,2,2,2,1,2,2,5,4,3,2,3,1,1,2,4,5,5,5,5,2,2,2,2
415705586,3,2,5,2,1,2,5,3,7,4,1,1,12,3,1,1,2,2,2,2,1,1,1,1
412920581,2,1,3,2,1,2,8,5,7,5,3,2,10,3,2,1,2,3,3,3,1,1,1,1
412980917,3,2,3,2,1,2,5,3,7,5,1,1,2,3,1,1,2,3,2,2,1,1,2,1
418065191,4,1,6,2,1,2,1,1,7,4,1,1,11,3,1,1,2,2,2,2,1,2,2,2
413041959,2,2,5,1,3,2,1,5,2,3,2,3,10,3,1,4,1,5,1,5,2,1,1,2
415587029,3,2,2,2,1,2,1,1,7,5,1,4,7,3,2,1,2,5,5,2,1,1,2,2
415450991,1,2,5,2,1,2,2,1,6,5,2,4,4,3,1,2,5,1,1,1,2,2,1,1
412518090,3,2,2,2,1,2,7,1,7,4,2,1,10,3,2,1,2,3,2,2,1,1,1,1
415226708,3,2,2,NA,1,2,8,5,2,2,1,1,16,3,2,4,2,3,2,2,1,1,1,2
414403073,3,2,2,2,1,2,5,4,4,3,3,2,2,3,2,3,2,2,2,2,2,1,1,1
417079656,4,1,4,2,1,2,5,1,7,5,1,1,7,3,2,1,2,5,2,2,1,2,2,1
413031424,3,1,2,2,1,2,1,1,5,3,2,1,13,3,2,1,3,3,3,2,1,1,2,1
414388011,2,2,2,2,1,2,5,1,2,3,2,2,6,2,2,3,2,3,2,2,2,1,1,1
414725584,1,2,4,2,3,2,1,6,3,1,1,1,4,3,2,4,3,3,5,1,2,1,1,1
414205974,2,2,3,1,2,2,1,6,1,3,2,3,3,3,2,4,5,3,5,NA,1,1,1,1
415377411,3,2,6,1,1,2,1,1,7,4,1,1,8,3,1,1,3,3,3,2,1,1,2,1
417077729,1,1,5,2,3,2,1,5,4,3,4,1,10,1,1,2,3,3,3,1,2,2,2,1
413000721,3,2,6,1,1,2,1,1,3,1,4,1,5,3,2,4,2,2,2,2,2,1,1,1
415504972,3,2,2,2,5,2,1,5,2,3,4,2,2,3,2,4,1,2,2,2,2,1,2,2
414255330,4,2,5,1,2,2,7,5,1,2,1,3,11,2,1,3,3,3,3,2,1,2,1,1
411814710,3,2,4,2,2,2,4,3,1,1,1,1,2,3,1,4,2,2,2,5,2,1,1,1
415005936,2,2,5,NA,2,2,2,1,3,4,1,2,11,3,1,4,2,5,2,5,1,2,1,2
412319979,4,2,6,2,1,2,5,3,1,2,3,1,6,3,1,4,3,3,3,5,2,2,2,1
412879917,3,2,3,2,1,2,5,5,2,2,1,1,2,3,2,4,2,5,2,5,2,2,2,2
417896692,2,2,2,NA,2,2,2,5,2,3,1,4,2,3,2,4,2,5,5,5,1,1,1,1
413400265,3,2,4,2,6,2,4,3,5,1,4,2,1,3,2,3,5,5,5,5,1,1,2,1
412392648,1,2,6,1,1,2,9,1,5,3,3,2,3,3,1,1,3,5,5,2,1,2,2,1
414632690,3,2,5,2,1,2,2,1,7,5,1,2,7,3,1,2,2,5,2,5,1,1,2,2
420241364,3,1,6,2,1,2,1,1,3,1,4,1,7,1,1,4,2,3,2,2,2,1,1,1
420180782,1,2,3,1,1,2,2,5,1,1,2,1,11,3,1,4,3,3,3,3,1,1,1,1
419411673,3,2,6,1,1,2,1,1,7,5,1,1,12,3,2,1,2,2,2,2,1,2,2,1
417351569,1,1,6,2,1,2,1,2,1,3,1,1,7,3,1,4,3,3,2,3,2,2,2,1
414235619,3,2,2,2,2,2,7,1,1,3,1,2,4,3,2,4,2,3,2,3,1,1,2,1
416860483,3,2,2,2,1,2,5,1,1,2,2,1,10,3,1,4,2,3,2,3,2,2,2,1
412888067,2,1,5,2,1,2,1,1,7,4,1,1,8,2,1,1,2,3,3,2,1,2,2,1
417615096,4,1,2,NA,2,2,1,5,3,1,4,1,7,1,2,4,3,3,3,5,2,2,1,1
411868473,4,1,5,2,1,2,5,3,2,1,4,1,3,2,2,4,3,3,3,2,2,1,2,2
413778029,3,1,5,2,1,2,1,1,5,5,1,1,11,2,1,2,2,2,2,5,1,2,2,1
413034618,3,2,2,2,1,2,5,6,2,2,1,3,2,3,2,4,2,2,2,2,2,2,2,2
412874958,4,2,5,2,1,2,2,1,2,2,2,3,4,3,2,4,3,3,3,3,2,1,2,2
414161370,3,2,2,2,1,2,5,1,1,2,4,1,11,3,1,4,2,3,2,2,2,1,2,1
410535466,3,2,3,1,1,2,2,1,1,1,3,1,6,3,1,4,2,3,2,2,2,2,2,1
412245935,3,2,5,2,2,2,1,1,1,3,1,1,7,2,2,4,2,3,2,3,2,2,2,1
412911479,3,1,4,2,1,2,6,3,3,1,4,1,2,3,2,4,2,2,2,2,2,2,2,1
417352809,1,1,6,2,1,2,5,1,1,1,1,1,9,3,2,4,3,3,2,3,2,2,2,2
411869164,4,2,1,2,1,2,5,3,5,3,2,1,4,3,2,2,3,3,3,5,2,1,1,1
415231066,3,2,5,2,1,2,1,5,6,4,2,2,7,3,1,2,3,2,2,5,1,1,2,2
412992781,1,1,2,2,1,2,5,1,7,4,3,1,5,3,1,1,2,4,2,3,1,1,2,1
420272589,3,1,6,2,1,2,1,1,1,1,4,1,8,2,1,4,2,3,2,2,2,1,2,2
415196920,2,2,2,2,4,2,7,1,7,3,1,2,6,3,2,2,5,5,5,5,1,1,1,1
412619479,2,1,5,1,1,2,1,1,7,5,1,1,13,3,1,2,2,2,3,2,1,1,2,1
416395975,1,1,2,2,1,2,1,1,7,5,3,2,5,3,2,1,3,2,2,2,1,1,1,1
413145070,2,1,2,2,1,2,2,4,1,1,4,1,3,3,2,4,2,2,3,2,2,2,2,1
412012719,4,2,6,2,1,2,5,1,7,5,1,1,11,2,1,1,3,3,3,3,1,2,2,1
418249092,3,1,6,1,1,2,1,1,5,4,3,1,12,3,1,2,2,2,2,2,1,2,1,1
415222309,2,2,2,2,1,2,1,5,4,2,3,3,4,3,1,3,2,3,2,1,2,2,2,1
412899039,2,1,5,2,1,2,1,5,3,2,4,1,5,1,1,4,2,3,3,2,2,1,2,2
415712540,2,1,2,2,1,2,7,6,2,2,4,1,7,3,2,2,2,3,3,5,1,1,1,2
412544849,3,1,6,2,1,1,4,1,6,3,2,1,5,3,2,1,2,3,2,3,1,2,1,2
411851937,3,2,2,2,1,2,6,5,2,3,1,1,3,NA,2,4,2,2,2,3,1,1,1,1
414227957,3,1,5,2,2,2,4,5,1,3,2,2,1,3,1,3,2,3,2,3,1,1,2,1
414211281,3,2,2,2,1,2,5,4,4,2,1,4,2,3,2,2,2,3,3,2,2,1,2,1
411800829,2,2,5,2,1,2,7,1,2,4,2,2,10,3,1,2,2,2,3,2,1,1,2,1
411896870,4,1,3,2,1,2,1,1,4,5,1,1,11,2,2,1,3,3,3,2,1,2,1,1
412318843,1,1,4,1,1,2,1,1,6,3,2,3,10,3,2,2,2,3,3,5,2,2,2,1
415655927,2,2,5,1,1,2,1,5,3,2,2,3,7,3,2,4,5,3,5,5,1,1,2,1
418916383,1,1,6,1,1,2,1,1,5,2,1,2,10,1,1,1,2,3,3,3,1,2,1,2
413131138,2,2,5,1,1,2,1,5,7,4,1,1,7,3,2,1,2,2,3,5,1,1,2,1
412311035,3,1,6,1,1,2,7,1,3,3,3,2,3,3,2,3,3,2,2,2,2,1,1,1
415953302,3,1,3,2,1,2,6,5,7,5,2,1,8,3,2,1,2,2,2,2,1,1,1,1
412374703,2,2,3,1,1,2,2,6,1,1,4,1,1,3,2,4,2,3,5,2,2,1,2,1
413167298,1,2,5,2,1,2,1,3,7,5,1,2,10,3,1,1,3,3,3,2,1,2,2,1
417167365,2,2,2,1,1,2,2,1,7,5,1,1,2,1,2,1,2,2,2,2,1,1,1,1
412410103,3,2,4,2,1,2,5,4,1,2,1,1,4,1,2,4,2,3,2,5,2,1,2,2
419256351,3,1,2,NA,1,2,1,5,4,3,1,3,13,3,1,3,5,5,5,5,1,2,1,1
413992000,4,1,5,NA,1,2,1,1,2,1,2,1,10,1,1,4,3,3,5,5,1,1,1,2
416480233,4,2,2,2,1,2,5,5,2,3,3,2,5,1,1,4,3,3,3,3,2,2,1,1
413400296,3,2,3,1,1,2,1,3,7,5,1,2,6,3,2,1,2,2,2,2,1,1,2,1
412900035,4,2,4,1,1,2,6,1,4,1,2,1,6,3,2,4,3,2,3,2,2,2,2,2
414151510,3,2,2,2,1,2,5,3,4,4,4,1,1,3,2,3,5,5,2,5,2,1,2,1
418065089,2,1,6,2,1,2,5,1,7,4,2,1,3,2,1,1,2,3,2,2,1,1,2,1
412294020,3,2,6,2,1,2,5,1,7,5,2,1,5,3,1,1,2,2,2,2,2,1,1,1
413554064,3,2,5,2,1,2,5,4,5,4,1,1,6,3,2,1,2,2,2,2,1,1,2,1
413409413,3,2,5,2,1,2,7,1,3,3,4,1,10,3,1,4,3,2,2,2,2,1,2,2
417000795,3,2,2,2,1,2,5,3,7,3,1,1,6,3,2,1,2,5,5,2,1,1,2,1
412736795,4,2,5,2,1,2,1,1,2,2,1,1,7,2,2,4,2,2,2,3,2,2,2,2
417514349,1,1,2,2,1,2,5,1,4,3,4,2,9,2,1,2,3,3,3,3,1,2,2,1
415528311,3,1,2,2,1,2,4,5,4,4,4,4,2,3,2,3,5,5,5,5,2,2,1,2
412038393,3,2,4,2,1,2,1,1,6,4,1,1,10,3,1,2,2,3,3,3,1,1,1,2
417328857,2,2,6,1,1,2,8,1,1,2,2,2,7,3,2,4,2,5,3,3,2,1,1,1
415877708,2,1,2,2,1,2,5,1,4,4,4,3,4,3,1,4,2,3,3,3,2,1,1,1
416895771,4,2,3,2,1,2,5,4,7,4,1,1,9,3,1,1,3,3,3,3,1,2,1,1
412933861,1,2,2,2,1,2,6,4,5,3,2,3,2,3,2,1,3,5,3,5,1,1,1,1
414175310,3,2,2,2,1,2,6,5,7,5,1,1,5,3,1,1,2,2,2,2,1,1,1,1
417618078,2,1,3,2,1,2,2,1,7,5,1,1,9,1,1,1,2,3,3,2,1,1,1,1
414311569,3,1,3,2,2,2,1,5,2,2,3,2,4,3,2,4,2,1,2,3,1,1,1,2
414203529,2,2,2,2,1,2,5,1,7,2,1,2,4,3,1,1,2,3,2,2,1,1,1,1
413276863,2,2,5,2,1,2,2,1,1,3,4,1,13,2,1,4,2,3,5,2,2,1,1,1
412656741,4,2,4,2,1,2,7,1,7,5,1,2,11,3,2,1,3,3,3,3,1,2,1,2
416051768,4,1,2,2,1,2,5,1,4,3,2,2,5,3,2,2,2,2,2,2,2,1,1,2
411666091,4,2,3,2,1,2,1,1,7,4,3,1,7,3,1,1,3,3,3,2,1,2,1,1
412286683,1,1,6,1,5,2,1,1,6,4,1,2,11,2,1,1,3,3,2,3,1,1,1,1
412528495,1,2,5,1,6,2,1,1,2,1,2,1,10,3,1,4,3,3,2,2,2,1,2,2
410656606,3,2,5,2,1,2,1,1,7,5,1,2,8,3,1,1,3,5,5,2,2,1,1,1
414196311,3,2,4,2,3,2,1,1,2,2,1,2,5,3,1,4,3,3,2,2,1,2,1,1
417619944,1,1,3,2,1,2,5,4,7,5,1,1,3,2,1,1,3,3,2,2,2,1,1,1
413836838,4,2,3,2,1,2,2,2,1,2,NA,1,3,3,2,4,3,3,3,2,2,1,1,1
414223724,2,1,3,NA,3,2,2,5,7,3,3,2,3,2,2,2,3,3,2,3,2,1,2,2
412880171,4,2,5,2,1,2,1,1,1,1,1,1,11,2,2,4,2,2,2,2,2,2,2,2
416801919,3,1,5,2,3,2,1,5,6,4,2,3,12,3,2,2,NA,NA,NA,5,1,1,2,1
415483714,1,2,2,NA,2,1,1,1,1,1,2,2,8,3,2,4,3,3,3,3,1,1,2,2
416763015,2,2,5,2,1,2,1,1,7,4,1,2,9,3,1,1,2,2,2,2,2,2,2,2
420191229,2,1,3,2,1,2,4,2,4,3,2,1,4,2,2,2,2,5,3,2,1,2,2,1
412334398,3,2,6,2,1,2,5,5,1,1,4,1,4,3,1,4,2,3,2,3,2,1,2,1
414259021,2,1,3,2,2,2,1,6,2,3,2,2,7,2,1,2,2,3,3,3,2,2,1,1
415267229,3,2,3,1,1,2,2,5,7,5,1,4,6,3,2,2,2,2,2,2,1,1,1,2
412044645,4,2,4,2,1,2,6,6,3,1,4,1,8,3,2,4,3,3,3,2,2,1,1,1
412900800,4,2,5,1,1,2,7,3,2,2,4,2,2,3,2,4,3,3,3,2,2,2,2,1
413081505,4,2,3,2,1,2,6,5,1,2,2,2,4,3,2,4,3,3,3,3,2,2,2,1
414169770,4,2,5,2,1,2,1,1,2,1,4,3,11,3,1,1,5,3,2,5,2,1,1,1
413982519,2,1,2,2,1,2,1,1,5,4,2,2,7,3,2,2,5,2,5,5,2,1,1,1
417077403,3,2,5,2,1,1,1,1,1,1,4,1,10,3,2,4,3,3,3,3,2,1,2,2
414877585,4,2,3,2,2,1,5,5,1,3,1,1,11,2,2,4,3,3,3,3,2,1,2,2
412375254,2,1,2,1,1,2,5,1,7,4,1,1,9,3,1,1,2,2,3,2,1,1,1,1
412340928,2,2,5,1,1,2,1,1,5,4,2,1,7,3,1,1,2,3,3,2,1,1,1,1
412452422,4,2,3,2,1,2,4,4,1,2,2,1,1,3,2,4,3,3,3,2,2,1,2,1
415998497,1,1,3,NA,1,2,1,5,1,1,4,1,5,3,2,4,3,3,3,2,2,2,1,1
413705266,2,1,5,2,4,2,1,1,5,5,3,1,13,3,1,1,2,3,3,2,1,1,2,1
411860946,2,1,5,2,1,2,7,1,5,4,1,1,8,2,1,1,2,3,3,3,1,1,2,1
412890965,2,2,2,2,1,2,6,3,7,5,1,1,6,3,1,1,5,3,5,5,1,1,1,1
410742991,4,2,5,2,1,2,6,4,1,2,4,1,6,2,1,4,2,3,2,3,2,2,2,1
417837925,1,1,3,NA,1,2,1,1,4,4,1,1,13,3,1,2,3,3,3,2,1,2,2,1
415151875,1,2,1,2,1,2,6,6,2,3,1,2,3,3,2,2,3,2,3,2,1,1,1,2
414219984,2,2,2,2,1,2,7,6,2,3,3,3,3,3,2,4,3,3,3,3,2,2,2,2
410948824,3,1,4,2,1,2,1,1,7,5,1,1,6,3,1,2,2,3,2,2,1,2,1,2
415208638,3,2,3,2,3,2,1,5,4,3,1,1,6,3,2,4,2,1,2,1,2,1,1,2
413291424,3,1,4,2,1,2,1,1,7,5,1,1,10,1,1,1,2,2,2,2,1,2,1,1
420128783,3,2,5,1,1,2,1,1,1,1,4,1,5,3,2,4,2,2,2,5,2,2,2,2
414228521,2,1,5,1,1,2,2,5,4,3,2,1,3,3,2,4,2,2,2,2,2,2,2,1
410931571,3,2,4,2,1,2,5,1,2,3,2,2,4,3,2,4,3,2,2,2,2,1,2,1
416916992,1,1,4,NA,3,2,1,5,7,4,3,2,12,3,2,1,3,3,3,2,1,2,1,2
417080366,2,1,6,2,1,2,5,1,7,4,3,1,11,3,1,1,2,3,3,2,1,1,2,1
414434758,4,1,5,2,2,2,1,1,1,4,1,1,10,3,2,4,3,3,3,3,1,1,1,1
412285799,3,2,2,2,1,2,7,1,1,2,1,1,3,2,2,4,2,3,2,2,2,1,2,1
417841446,1,2,2,NA,1,2,7,3,4,3,1,1,1,3,2,2,5,5,5,2,1,2,2,2
415203324,3,2,2,2,1,2,2,1,2,1,4,3,5,3,2,3,1,5,1,1,1,1,1,2
413112421,3,2,6,1,6,2,1,1,4,3,1,1,9,3,1,4,3,2,3,3,2,2,2,1
410661738,3,1,5,1,1,2,8,5,3,2,4,2,10,3,2,4,2,3,2,2,2,2,1,1
413440916,3,2,3,2,1,2,5,1,3,3,2,2,12,2,1,4,2,3,2,2,1,2,2,1
414281407,4,1,3,2,2,2,1,1,2,2,2,4,6,1,2,2,2,1,1,1,1,1,1,1
417618233,4,1,6,2,1,2,5,6,1,1,4,1,11,2,1,4,3,3,3,3,2,1,2,1
413835774,1,2,5,1,1,2,1,1,4,3,2,1,10,3,2,1,3,3,2,2,1,1,1,1
417081276,3,1,6,2,1,2,1,3,4,3,4,1,11,3,1,3,2,3,3,3,1,1,2,1
417080173,4,1,5,NA,1,2,5,1,6,4,4,1,6,3,1,1,3,3,3,3,1,1,2,1
420046397,3,1,6,2,6,1,9,1,5,3,4,1,11,3,1,1,NA,NA,NA,3,1,2,1,1
417299439,3,2,2,2,2,1,1,1,7,5,1,1,5,3,2,3,2,3,2,3,2,1,2,2
412292805,3,2,3,2,1,2,5,3,1,2,1,2,9,3,2,4,3,2,2,3,2,1,1,1
420130919,2,1,6,2,1,2,1,1,7,4,1,1,11,3,1,2,2,3,3,2,1,2,2,1
418941207,3,2,5,1,1,2,1,3,2,3,4,2,7,3,2,4,2,3,5,5,2,2,2,2
412888236,3,2,2,2,1,2,7,1,7,5,1,4,2,3,2,1,5,5,5,5,1,1,1,1
414756106,2,1,5,NA,1,2,1,5,3,3,4,3,7,3,1,4,2,3,3,1,2,1,1,1
417835860,3,1,6,NA,1,2,1,5,1,1,3,1,9,3,2,4,NA,NA,NA,3,2,1,2,1
412480417,2,2,3,2,1,2,1,1,1,3,2,3,6,3,1,4,2,2,2,2,1,1,1,1
412374928,3,1,5,2,1,2,5,1,7,4,1,1,8,3,1,1,2,2,2,2,1,2,2,1
412335974,2,1,3,2,1,2,5,1,3,1,4,1,9,3,2,4,2,2,3,2,2,2,2,1
416428647,1,2,1,NA,2,2,2,5,1,4,3,2,8,3,2,2,2,4,2,2,2,2,2,1
413703745,2,2,2,2,7,2,5,1,7,5,1,1,9,2,1,1,2,2,2,2,1,1,2,1
411983939,1,2,3,2,1,2,5,5,1,3,3,2,3,2,2,4,3,3,3,3,2,2,2,1
410747552,2,2,6,1,1,2,1,5,2,3,2,2,3,3,2,4,2,2,3,1,2,2,2,1
414937019,3,1,3,2,3,2,2,5,3,4,1,2,6,3,2,4,2,2,2,2,1,1,1,2
416172727,3,1,2,2,1,2,5,1,7,5,1,2,4,3,1,1,2,2,2,2,1,1,1,1
414609001,4,2,2,2,1,2,1,1,4,3,4,2,4,3,2,3,3,3,3,2,2,1,2,1
417616583,2,2,4,1,3,2,1,6,7,4,2,1,8,3,2,1,2,5,5,5,2,1,1,1
412243434,3,1,5,1,1,2,1,5,1,2,1,1,9,3,1,4,2,3,2,NA,2,1,1,1
413529185,2,2,2,2,1,2,1,3,1,4,1,1,4,3,2,2,2,3,3,4,1,1,1,2
414260258,4,2,6,1,7,2,1,1,4,3,1,3,7,1,2,3,3,2,2,3,2,1,1,1
413152707,2,2,3,1,1,2,1,1,7,5,1,1,8,3,2,1,2,3,2,2,1,1,1,1
413134701,1,2,1,2,2,2,5,5,1,3,1,1,1,1,2,3,3,2,3,2,2,1,2,1
418251869,2,1,5,1,1,2,1,1,1,1,4,1,5,3,2,4,2,3,2,2,2,1,2,1
413916986,2,2,2,2,1,2,6,1,7,4,4,1,7,2,1,1,2,3,3,2,1,1,1,1
414305601,3,2,2,1,1,2,2,2,6,4,2,3,11,3,2,2,3,2,2,5,1,1,1,1
417351561,1,1,6,2,1,2,5,1,5,4,2,1,9,3,1,1,3,3,2,3,1,2,2,1
414342012,3,2,5,1,1,2,7,5,3,3,4,3,5,3,2,2,2,1,1,1,1,1,1,2
416223768,3,2,2,NA,1,2,8,5,3,3,4,2,7,3,2,3,1,5,2,2,2,1,2,1
414359691,3,2,3,2,1,2,4,5,2,3,2,2,5,3,2,3,2,2,5,2,2,1,2,1
413873017,3,2,2,2,1,2,4,5,7,5,2,2,3,3,2,1,2,3,2,5,1,1,1,1
415967795,3,1,3,NA,1,2,8,5,2,2,3,2,7,3,2,4,2,2,3,4,2,1,2,2
413120186,4,2,5,2,1,2,2,5,3,2,2,2,7,3,2,4,3,3,3,3,2,2,2,2
417182725,3,2,2,2,1,2,4,5,4,4,4,2,4,3,2,3,2,3,2,2,1,1,2,1
415451641,2,2,6,1,1,2,1,1,1,2,2,2,10,3,2,4,2,5,3,2,2,1,1,2
418064298,3,1,5,2,1,2,5,1,7,5,1,1,9,3,1,1,2,2,2,2,1,2,2,1
410746326,2,1,4,2,1,2,4,5,5,3,3,1,6,3,2,2,3,3,3,2,1,1,1,1
415258128,1,2,5,1,1,2,1,5,1,1,3,2,6,3,2,4,3,3,3,3,2,1,2,1
413840545,3,2,4,2,1,2,6,1,7,4,2,1,4,2,1,1,2,3,2,3,1,1,1,1
416340549,2,2,2,2,1,2,5,1,7,3,2,2,7,2,2,1,2,3,5,5,1,1,1,1
414210088,4,2,2,2,1,2,6,1,7,4,4,2,7,3,2,2,2,3,3,3,2,1,1,2
414441761,1,2,2,NA,1,2,1,5,7,4,3,1,6,3,2,1,3,1,5,1,1,1,1,1
411854286,4,1,3,2,1,2,5,1,4,3,3,1,5,3,1,3,3,3,3,3,2,1,2,1
414598151,3,2,5,2,3,2,5,5,6,4,1,2,2,3,2,2,2,3,5,5,2,1,1,1
413669980,1,2,2,2,1,2,2,1,6,3,3,3,8,3,2,1,2,4,3,2,1,1,1,2
413065258,3,2,5,1,1,2,7,1,1,2,4,1,5,3,2,4,2,2,2,2,2,1,1,2
418064125,4,1,6,1,1,1,1,1,4,3,2,2,9,3,2,4,2,3,2,2,2,2,2,1
412893380,3,1,3,2,1,2,1,1,2,2,4,1,11,3,1,4,2,2,2,2,2,1,2,1
417224933,2,1,3,1,1,2,1,1,2,3,2,2,10,2,1,3,2,2,3,3,1,1,1,1
412293122,4,1,3,2,1,2,5,4,1,1,2,1,7,1,1,4,2,3,2,3,2,1,1,1
414039258,3,1,6,1,1,2,1,5,5,4,1,3,4,3,2,1,2,3,2,2,2,1,2,1
414050590,2,2,5,1,1,2,1,5,1,2,4,3,3,3,2,4,5,3,2,5,2,2,2,1
420149398,3,2,6,2,1,2,5,6,3,3,2,1,5,3,1,4,2,3,2,2,2,1,2,1
414573262,2,2,2,2,1,2,7,1,1,2,2,2,7,3,2,4,2,3,2,2,1,2,2,2
420195675,3,2,4,1,1,2,6,5,4,4,2,2,2,3,2,1,5,5,2,5,1,1,1,1
412903521,4,2,2,2,1,2,7,5,2,3,4,3,4,3,2,4,5,2,5,5,2,1,1,1
414179372,3,1,2,2,1,2,6,1,7,4,2,1,3,3,2,1,2,2,2,2,1,1,2,1
413123186,3,1,2,2,1,2,5,5,6,3,2,1,3,3,2,4,2,3,2,2,2,2,2,1
417196589,4,1,3,2,1,2,1,6,3,2,4,3,6,3,2,4,3,5,5,5,2,1,1,1
415227501,2,2,1,2,1,2,8,5,1,5,2,3,3,3,2,4,2,3,2,3,1,1,1,2
415099196,4,2,2,1,1,2,1,1,7,4,2,2,4,1,2,2,5,5,1,3,2,1,1,1
412898429,2,1,3,2,1,2,2,5,4,3,3,2,2,2,2,4,2,2,3,2,2,2,2,1
414387768,3,2,5,2,3,2,7,1,1,3,1,1,9,3,2,4,2,3,2,3,2,1,1,1
412285017,4,2,6,2,1,2,5,3,1,1,4,1,11,3,1,4,2,3,2,2,2,2,2,1
414049508,2,2,2,2,1,2,6,1,6,4,2,2,5,3,2,2,2,3,5,5,1,1,1,1
411986901,2,1,3,2,1,2,5,1,4,3,1,1,9,2,1,1,2,3,3,2,1,1,1,1
412338999,2,2,3,1,1,2,1,1,7,5,4,4,9,3,2,1,2,5,5,5,1,1,1,2
415668139,3,2,5,1,2,2,1,3,1,2,2,1,7,3,1,4,2,2,2,2,2,2,1,2
416222898,4,1,4,1,3,2,1,6,4,3,2,3,5,3,1,3,3,5,5,5,2,2,2,2
414347197,3,2,2,2,1,2,5,3,6,5,1,3,11,3,2,1,2,5,2,5,1,1,1,1
417139281,4,2,2,2,1,2,5,1,5,4,1,1,9,3,1,2,2,5,5,3,1,1,2,2
415989365,3,2,6,2,3,2,1,1,6,3,1,3,6,3,2,2,2,3,2,2,1,1,1,1
412529540,3,2,2,2,1,2,1,1,7,4,1,1,4,3,1,1,2,2,3,3,1,1,2,1
412469548,1,1,6,2,1,2,5,3,1,2,2,1,7,3,1,4,2,4,2,3,2,1,1,1
415659562,3,1,5,2,1,2,2,5,5,4,2,1,3,3,1,2,3,2,2,2,1,1,1,1
412974856,4,2,6,2,4,2,2,1,1,2,4,3,7,3,2,4,3,3,3,5,2,2,1,2
412956602,1,2,6,1,1,2,1,3,1,1,4,1,8,1,2,4,3,3,3,3,2,2,2,1
413217227,1,1,5,2,1,2,6,3,5,3,4,1,5,3,2,1,3,3,3,3,1,1,1,1
418249787,3,1,4,2,1,2,1,3,7,5,1,1,9,2,1,1,2,3,2,3,1,2,2,1
414375205,2,2,2,2,1,2,1,1,6,4,4,3,5,3,2,2,2,3,2,5,1,1,2,1
416476585,3,2,2,NA,2,2,1,1,6,4,1,2,4,3,2,2,5,5,5,5,1,1,1,1
413535480,4,2,3,1,1,2,1,6,3,1,4,1,9,3,2,4,2,2,2,3,2,1,1,1
414290349,3,1,3,1,2,1,4,5,4,3,3,4,1,3,2,3,1,1,5,1,1,1,1,1
415273823,2,1,5,2,1,2,5,3,7,5,1,1,3,2,1,1,2,3,3,2,1,2,2,1
419297676,1,2,6,2,6,1,1,5,2,2,3,2,5,3,1,4,2,3,3,3,1,1,1,2
412336474,2,2,2,2,1,2,5,6,1,1,2,1,3,3,2,4,2,2,2,3,1,1,1,1
417087530,2,2,2,2,1,2,5,1,7,4,3,1,9,3,1,1,2,2,3,2,1,2,1,1
414366778,1,1,3,1,3,2,1,6,3,1,1,1,4,3,2,3,3,3,2,3,2,2,1,1
418632275,2,1,5,1,1,2,2,5,3,1,4,1,2,3,2,4,2,3,2,2,2,1,1,1
416280754,2,2,2,2,1,2,1,1,1,1,4,2,3,3,2,4,2,2,3,3,2,2,1,2
412954047,1,2,3,2,1,2,5,1,7,4,1,1,15,3,1,1,3,3,3,2,1,2,1,1
417080384,2,1,6,2,1,2,5,1,6,5,3,1,11,2,1,2,2,2,3,3,1,1,1,1
415000632,2,1,3,NA,4,2,8,5,6,4,1,1,8,2,1,2,3,3,3,2,1,1,2,1
417619271,3,1,6,2,1,2,9,1,3,3,3,1,5,2,1,4,3,3,3,2,2,1,2,1
414805229,3,1,3,2,2,2,1,4,1,2,2,1,7,3,2,4,2,2,4,2,2,1,1,2
419435627,1,1,1,NA,1,2,4,5,3,1,4,4,3,2,2,3,5,5,5,5,1,1,1,1
417553299,4,2,5,2,1,2,1,5,1,1,4,1,10,3,2,4,3,3,3,3,2,1,2,1
412894794,1,2,2,2,1,2,5,1,4,4,2,2,4,3,2,2,3,3,3,3,2,1,2,1
413531689,1,2,5,1,2,2,1,5,2,1,2,3,4,2,2,4,5,5,5,5,2,1,1,1
417430766,4,1,2,NA,5,2,1,5,4,1,2,2,3,2,1,3,5,5,5,5,1,1,1,2
412284869,3,2,3,2,1,2,6,3,3,3,1,1,3,3,1,4,2,2,2,2,2,2,2,1
417831371,4,1,5,2,3,2,1,1,4,3,4,1,10,2,1,2,3,3,3,2,1,2,2,1
411997070,2,2,3,1,1,2,5,1,7,5,1,1,6,3,2,1,2,3,2,3,1,1,1,1
412335096,3,1,2,2,1,2,5,3,5,4,2,1,2,2,2,2,3,3,3,3,1,1,1,1
414228010,3,1,2,2,1,2,5,1,1,4,2,2,4,3,1,4,2,3,2,5,2,2,1,2
415927244,1,1,5,2,1,2,1,5,5,4,1,2,5,3,1,2,3,3,5,5,1,2,2,1
412221321,3,2,2,2,1,2,2,1,6,3,2,2,6,3,2,2,2,2,2,2,1,1,1,1
420281741,1,1,2,NA,1,2,8,5,3,3,1,2,2,3,2,4,3,2,4,2,1,1,2,2
415272585,4,1,4,NA,1,2,1,5,3,3,2,1,9,2,1,4,3,3,3,3,2,2,2,1
413785356,4,2,3,1,1,1,1,1,7,4,3,1,9,1,2,2,3,3,3,5,2,2,2,1
412306909,2,1,2,2,1,2,5,1,4,2,4,1,4,3,2,4,2,3,2,5,2,1,1,1
414355599,4,2,3,NA,2,2,2,5,5,3,2,2,12,3,2,3,3,1,5,5,1,1,1,2
413072270,2,2,2,2,1,2,5,1,1,2,3,1,2,2,1,4,2,3,3,2,2,1,1,1
414726069,1,1,2,2,1,2,5,4,5,4,2,2,7,3,1,1,2,3,3,3,1,1,1,1
419157756,4,2,1,2,3,2,1,1,1,3,2,2,2,3,2,3,2,5,5,3,2,1,2,1
412300386,3,2,3,2,1,2,1,1,1,1,3,1,5,3,1,4,2,2,2,2,2,1,1,1
410941245,4,1,5,2,1,2,1,1,1,1,4,1,11,3,1,4,3,3,3,3,2,2,2,2
414180319,2,2,3,NA,4,2,2,5,6,1,4,1,1,3,2,4,1,2,4,2,2,1,1,1
420139947,3,1,6,2,1,2,1,1,3,3,1,1,13,3,1,4,2,2,2,2,2,2,2,1
412286417,3,2,3,2,1,2,5,3,5,5,1,2,3,3,1,2,2,5,2,2,1,1,1,1
414186353,3,2,3,NA,2,2,3,5,1,2,2,1,5,3,2,4,2,3,2,4,2,1,1,2
419248510,4,2,4,2,2,2,1,5,3,2,1,1,5,3,1,4,5,3,5,5,2,1,1,1
411632326,4,1,2,2,2,2,1,3,5,5,1,1,5,3,2,1,2,2,2,2,1,2,2,1
417613667,2,1,3,2,6,2,5,5,1,4,1,2,4,1,1,2,2,3,2,3,1,1,2,1
415540527,1,1,5,2,2,2,1,5,4,3,4,1,8,1,1,1,3,3,3,3,1,2,2,1
412339627,1,2,5,1,2,2,1,3,3,5,1,2,4,2,2,2,3,3,2,3,1,1,2,1
418063655,2,1,3,2,1,2,1,1,5,5,1,1,10,1,1,1,5,3,2,2,1,1,1,1
411332246,3,1,6,2,1,2,5,1,7,5,2,1,6,2,1,3,2,2,2,2,1,1,1,1
417288720,1,1,2,NA,1,2,8,5,4,3,3,4,12,3,2,3,3,5,5,5,2,2,2,2
414366825,3,2,2,2,2,2,7,1,1,1,4,2,6,3,2,4,2,2,2,2,2,1,2,2
412924762,4,2,2,1,1,2,4,5,7,4,1,1,8,3,2,2,3,3,3,3,1,2,2,2
412364351,4,2,6,1,1,2,1,3,1,2,3,1,8,1,1,4,3,3,3,3,2,1,1,1
416243567,1,1,3,NA,3,2,1,3,3,3,1,2,5,2,2,4,3,3,3,3,2,2,2,1
412002664,1,1,6,2,1,2,1,1,3,1,4,1,10,2,1,4,3,3,3,3,2,1,1,2
410598240,2,1,4,2,1,2,5,1,4,3,2,1,7,3,1,2,2,2,2,2,1,1,1,1
413109095,2,2,6,1,1,2,1,6,4,3,4,4,9,1,2,2,2,5,5,5,2,1,1,1
412297643,2,2,6,1,1,2,1,5,2,1,4,1,6,2,1,4,2,3,3,3,2,2,2,1
420136383,2,2,5,2,1,2,1,5,7,3,3,1,9,1,2,2,2,3,3,2,1,1,1,1
416247510,3,2,2,2,1,2,5,1,7,5,1,1,5,3,2,1,2,3,2,2,1,1,1,1
414321712,3,2,2,2,1,2,1,1,7,5,1,3,11,3,2,1,2,5,5,5,1,1,2,1
412951766,4,1,3,2,1,2,1,1,7,5,1,1,5,3,2,1,3,3,3,3,1,2,2,1
415308143,4,2,6,2,1,2,7,1,4,3,1,1,15,3,1,4,2,2,2,2,1,2,2,1
412222344,2,1,6,2,1,2,1,1,1,1,3,1,9,2,1,4,2,2,2,2,2,2,2,1
416383188,3,2,3,NA,3,2,8,5,2,3,2,3,2,3,2,3,2,3,2,1,2,2,1,2
418252030,1,1,6,2,1,2,1,1,1,1,4,1,10,1,1,4,3,3,3,3,2,2,2,1
410692096,1,2,3,1,1,2,2,5,7,5,1,1,5,3,2,1,3,3,2,3,1,1,1,1
412003389,3,2,5,2,7,2,5,4,1,1,3,1,10,1,1,4,2,2,2,2,2,2,2,1
417081402,1,1,4,2,1,2,5,1,1,1,4,1,12,2,1,4,3,3,2,2,2,2,2,1
417836401,2,1,3,2,1,2,5,3,5,3,2,1,2,3,1,1,2,3,3,3,1,2,2,1
410922896,2,1,6,2,1,2,5,1,1,1,4,1,9,1,1,4,2,2,2,2,2,2,2,2
412262917,4,1,5,1,1,2,1,1,5,5,1,2,3,3,2,2,2,2,2,2,1,2,2,2
413610200,2,2,5,NA,1,2,1,5,1,1,4,1,6,1,1,4,2,2,3,3,2,1,2,1
412275885,2,1,5,2,1,2,1,1,5,5,1,1,11,3,1,1,2,2,3,3,1,2,2,1
412299630,1,1,6,2,1,2,5,5,4,4,4,1,8,3,1,2,3,3,3,2,1,1,1,1
414451062,4,1,3,2,3,2,5,3,5,4,2,2,4,1,1,2,2,2,2,2,1,1,1,1
416547815,1,2,5,1,1,1,1,1,2,3,1,1,11,1,1,2,3,3,5,5,1,1,1,2
415611704,4,2,5,2,4,2,1,1,1,4,2,4,7,1,1,4,3,5,3,3,2,1,1,2
412291429,4,2,3,2,1,2,5,1,5,3,1,1,7,3,2,1,5,5,3,2,1,1,1,1
414368413,3,2,5,1,2,2,1,5,1,2,3,1,5,3,2,4,2,3,2,3,2,2,2,2
410944680,3,1,5,2,1,2,5,1,7,4,1,1,8,3,1,1,2,2,2,2,1,1,1,2
413095128,3,1,5,2,2,2,9,1,1,2,1,1,6,3,2,4,3,2,2,3,2,1,1,1
417841135,3,2,2,1,1,2,7,1,4,3,1,4,5,3,2,2,2,2,2,2,2,2,1,2
413510145,1,2,1,2,1,2,2,5,1,1,4,2,11,3,2,4,3,5,3,1,1,1,2,2
411994727,3,1,5,2,1,2,5,1,3,3,3,1,4,3,2,4,2,3,2,2,2,1,1,1
412916702,1,2,3,1,1,2,4,1,1,2,1,1,4,3,2,4,1,2,5,3,2,2,1,2
418063607,3,1,6,2,1,2,5,1,6,5,3,1,12,3,1,1,2,2,2,2,1,2,1,1
410909264,3,2,3,2,1,2,7,1,4,3,2,3,4,3,2,3,2,2,2,2,2,1,2,2
415285663,2,2,3,2,1,2,7,5,6,5,1,2,3,3,2,2,2,5,3,5,1,1,1,1
414253039,3,2,2,2,1,2,5,3,1,2,1,2,5,3,2,4,2,3,2,5,2,2,1,1
417178263,2,2,2,2,1,2,7,1,7,5,1,1,3,2,2,1,2,3,5,2,1,2,2,1
412982476,1,1,5,2,1,2,1,5,1,1,4,1,5,1,2,4,3,3,3,2,2,2,2,2
415789775,4,2,3,2,6,1,1,6,4,3,1,2,9,3,2,4,3,3,3,5,2,2,1,1
415422046,1,1,3,2,1,2,5,1,7,4,4,1,1,1,2,1,3,3,3,NA,1,1,1,1
415711884,2,2,5,2,1,2,1,1,1,2,1,1,8,3,1,4,2,2,3,3,2,1,2,2
412406086,3,2,2,2,1,2,5,1,7,5,1,2,5,3,2,1,2,2,2,2,1,1,1,1
412387309,1,2,3,1,1,2,5,4,1,2,3,1,8,1,1,4,3,3,3,2,2,1,1,1
413013793,3,2,2,2,1,2,1,1,3,1,2,1,5,3,2,4,2,3,2,3,2,1,2,1
410765985,3,2,5,1,2,2,1,1,1,3,2,2,9,3,1,4,1,1,1,1,2,1,2,1
420153324,1,2,3,2,1,2,1,5,6,3,2,1,7,3,1,1,3,3,2,3,1,1,1,1
417570867,1,1,5,2,1,2,1,5,1,1,4,1,10,3,1,4,2,5,3,3,2,1,1,1
416686618,4,2,5,1,1,2,1,1,1,3,4,3,10,3,2,4,2,2,2,2,1,1,1,1
416395512,1,1,3,1,2,2,1,1,2,3,3,2,9,2,1,4,3,3,5,3,2,1,1,1
417077665,3,1,3,2,3,2,1,1,6,4,1,1,8,2,1,3,2,2,2,2,1,2,1,1
412979463,3,2,6,1,2,2,1,6,2,3,1,4,7,3,1,4,3,2,2,2,2,2,2,2
415213627,4,2,5,1,1,2,1,5,1,1,4,1,5,3,1,4,3,3,3,2,2,1,1,1
411891143,4,1,5,2,7,2,1,5,4,3,1,1,6,3,1,1,3,3,3,3,1,1,2,1
415208515,2,2,5,1,1,2,1,6,1,2,4,2,5,3,1,4,3,3,3,3,2,2,2,2
413059111,1,2,6,1,1,2,2,1,1,1,2,2,11,2,1,4,3,3,2,2,2,2,2,2
414507543,1,2,2,NA,1,2,4,5,1,1,4,1,5,3,2,4,3,3,3,1,1,1,1,2
412348722,1,2,5,1,1,2,1,1,6,3,3,1,12,3,2,4,3,3,3,3,2,1,1,1
412903375,3,2,3,2,1,2,8,5,1,2,4,1,11,3,2,4,2,3,3,3,2,1,2,1
412871676,2,1,5,2,1,2,1,1,6,3,4,1,9,1,1,4,2,2,2,2,2,1,2,1
412282571,3,1,2,2,1,2,5,3,7,5,1,1,4,1,2,1,2,3,2,2,1,1,2,1
412976130,1,1,2,2,1,2,5,1,5,4,2,1,6,2,1,1,2,3,3,3,1,1,1,1
413002748,3,1,3,2,2,2,2,1,1,2,3,2,3,3,2,4,2,2,2,3,2,1,2,2
419490444,2,1,5,1,3,2,1,1,3,3,4,2,11,3,2,4,2,3,3,3,2,2,2,1
415194247,1,2,2,NA,1,2,7,1,4,3,2,2,8,3,1,4,3,3,2,NA,2,1,2,1
414342125,3,2,6,2,1,2,2,5,1,1,4,1,2,3,2,4,2,2,4,2,2,2,1,1
415008634,3,2,2,NA,1,2,7,1,7,5,2,1,8,3,2,1,3,3,2,2,2,1,1,1
410920518,3,1,6,2,1,2,1,1,7,4,1,1,14,2,1,1,2,2,2,NA,1,1,1,1
412984256,3,2,5,2,1,2,1,1,6,2,1,3,7,3,1,3,2,2,5,2,2,1,1,1
414128106,3,1,3,2,1,2,1,1,5,4,2,3,5,3,2,2,2,2,2,1,1,1,1,1
414566881,3,2,5,2,3,2,8,5,1,2,1,1,3,3,2,4,2,2,2,3,2,1,2,1
414220135,3,2,1,NA,1,2,7,6,4,4,1,3,3,3,2,2,5,5,5,5,1,1,1,1
417454643,4,2,3,NA,2,2,8,5,1,4,2,1,2,3,2,4,2,2,2,1,2,1,1,1
412298180,4,2,4,2,1,2,5,5,1,5,2,2,4,2,2,4,2,3,3,2,2,2,2,1
412924305,3,1,4,2,1,2,6,3,1,2,3,1,3,3,2,4,3,3,3,3,2,2,2,1
412355892,3,2,3,2,1,2,5,1,1,2,1,1,2,2,2,4,2,2,2,2,2,2,2,1
415235609,4,1,2,2,1,2,1,5,6,3,4,1,6,3,1,1,2,2,2,2,1,2,2,1
413987858,1,2,2,2,1,2,1,1,1,2,1,2,9,3,1,4,3,3,2,2,2,2,2,1
418113104,3,1,3,2,1,2,2,5,3,1,3,1,3,3,2,4,2,5,2,5,1,1,1,2
412954354,4,2,3,2,1,2,7,1,2,3,1,2,5,3,2,3,3,5,3,3,2,1,2,1
418065405,4,1,3,2,7,2,5,1,5,5,1,1,5,3,2,1,2,2,2,2,1,2,2,1
420122456,2,1,5,2,1,2,5,1,1,2,4,1,11,2,1,4,2,3,3,3,2,2,2,1
412518754,3,1,2,2,1,2,5,1,7,5,1,1,4,3,2,1,2,3,2,5,1,1,1,1
415437539,3,1,4,2,3,2,1,1,3,2,3,1,6,3,2,4,2,2,2,3,2,1,2,1
415418606,1,2,1,2,1,2,7,4,4,3,2,4,1,3,2,4,5,5,5,5,2,1,1,2
415730095,3,1,2,2,1,2,5,4,1,3,3,1,5,2,2,4,2,3,2,2,2,1,1,2
415460601,2,1,3,NA,1,1,1,1,4,2,2,1,5,3,2,4,2,3,3,2,2,1,1,2
412379901,3,2,2,2,5,2,5,3,1,2,4,2,7,2,2,4,2,2,2,NA,2,2,2,2
414227418,4,1,3,2,2,2,3,5,4,3,4,3,1,3,2,4,3,3,3,3,2,2,1,2
412991669,1,2,5,1,5,2,1,3,7,4,1,1,5,2,1,1,2,3,3,3,1,1,2,1
417081426,2,1,5,2,1,2,5,1,1,2,4,1,9,3,2,4,2,3,3,2,2,2,2,1
419595780,3,2,3,1,5,2,1,5,1,2,2,1,4,3,2,4,2,2,2,2,2,2,2,1
412348350,2,1,3,2,1,2,1,3,4,4,1,1,9,1,1,2,3,3,3,3,1,1,2,1
414156220,1,1,5,1,3,2,1,1,2,2,2,2,9,1,1,3,3,3,3,3,2,1,2,1
415579306,4,2,2,NA,4,2,8,5,4,2,4,4,5,3,2,4,5,5,5,5,1,2,2,1
419696374,3,2,3,2,1,2,5,4,7,4,2,1,3,2,1,1,2,3,2,2,1,1,1,1
412289834,4,2,5,2,1,2,5,1,1,1,4,1,9,2,2,4,3,3,3,3,2,2,2,2
412243811,3,2,2,2,1,2,5,4,1,2,3,2,5,2,2,4,2,3,2,5,2,1,1,1
417838062,4,1,6,2,1,2,5,1,1,1,3,1,5,3,1,4,2,2,2,2,2,1,2,1
412298138,4,1,6,2,1,2,5,1,3,3,4,1,12,2,1,4,3,3,3,2,2,1,2,1
414191235,2,1,2,2,1,2,1,3,2,5,2,3,9,1,2,4,2,5,3,2,2,1,2,1
418249805,2,1,6,2,1,2,2,1,1,2,2,1,9,3,1,4,2,2,2,2,2,2,2,1
411880045,4,2,4,NA,1,2,1,5,7,4,2,2,5,1,2,1,3,5,5,5,2,2,2,1
412906234,3,2,1,NA,1,2,7,1,7,2,2,2,5,3,2,1,5,5,5,1,2,1,1,2
415540912,3,1,2,NA,1,2,1,1,5,4,1,2,8,1,1,2,2,2,2,2,1,2,1,1
412052437,3,1,4,2,1,2,5,1,7,5,1,1,4,2,2,1,2,2,2,2,1,1,2,1
414354875,3,2,2,NA,1,2,1,5,6,4,2,3,10,3,1,2,2,5,3,5,2,1,1,1
412874712,3,2,3,2,1,2,2,1,1,1,4,3,5,3,2,4,2,3,2,5,2,1,2,2
416260361,4,2,6,2,4,2,1,5,2,2,2,2,7,3,1,2,3,3,3,5,2,2,2,2
414481621,1,1,2,2,1,2,1,6,1,3,2,2,7,3,2,4,5,3,3,5,2,1,2,1
414200927,4,1,2,2,1,2,1,1,4,3,4,4,9,3,2,1,2,3,2,2,1,1,1,1
411724232,2,2,3,2,1,2,5,1,7,3,1,2,4,3,2,1,3,5,3,2,2,1,1,1
413221557,4,2,2,2,1,2,8,5,1,1,4,2,4,3,2,4,5,5,3,2,2,1,1,2
413056145,2,1,5,2,1,2,1,3,5,5,3,1,9,1,1,1,2,2,2,2,1,2,1,1
414290551,4,2,2,2,1,2,6,6,1,1,4,1,6,2,2,4,3,3,3,2,2,2,2,1
416452513,1,1,2,2,1,2,6,6,7,4,2,1,5,2,2,1,3,3,2,3,1,2,1,1
410813470,3,1,4,2,1,2,2,1,5,4,1,2,6,3,1,2,2,5,2,5,1,1,2,1
415339032,4,2,2,2,3,2,7,1,1,3,1,3,2,3,2,4,3,2,5,2,2,1,2,1
412334272,3,2,6,2,1,2,2,1,1,3,2,1,12,1,1,4,2,2,2,3,2,2,2,1
412345940,2,1,6,1,1,2,1,1,1,2,4,1,11,3,1,4,2,3,3,2,2,2,2,1
420156492,4,2,6,1,1,2,1,5,7,5,1,1,4,1,2,1,3,3,3,3,1,1,1,1
413674352,4,1,2,2,1,2,5,1,7,5,3,1,6,3,1,1,2,2,2,2,1,1,1,1
416277978,3,1,5,2,1,2,1,5,1,1,3,1,5,3,1,4,2,3,2,2,2,2,2,1
412275456,1,1,5,2,1,2,5,1,1,3,3,1,7,3,1,4,3,3,2,2,2,1,2,1
414704723,2,2,4,1,1,2,7,1,4,3,1,1,3,3,2,2,2,2,3,3,1,1,2,1
412894665,1,2,6,2,1,2,2,1,2,3,4,1,6,2,1,4,3,3,3,3,2,1,2,1
412297908,2,2,2,2,1,2,7,1,1,2,2,2,9,3,1,3,3,3,1,2,2,2,2,1
412386158,4,2,2,2,1,2,6,2,2,2,3,2,5,3,2,4,2,3,2,3,2,1,2,1
414864413,3,2,3,1,2,2,1,6,2,3,3,2,9,3,2,4,3,3,3,5,2,1,1,1
416187350,1,1,5,2,1,2,1,1,4,4,3,1,7,3,2,1,2,3,3,3,1,1,1,1
412893015,3,2,4,2,2,2,2,5,1,2,2,1,8,3,2,4,2,3,2,5,1,1,1,2
412297833,2,2,3,1,1,2,1,3,7,5,3,1,4,3,2,1,2,3,5,5,1,1,1,1
414877622,1,1,5,1,3,2,2,5,1,2,4,1,1,2,2,4,3,3,3,3,2,2,2,1
417617997,1,1,4,2,1,2,1,5,7,3,2,1,10,3,1,1,3,3,3,3,1,1,1,1
412978406,1,1,3,2,1,2,5,1,2,4,3,2,9,1,1,2,3,3,5,5,2,2,2,1
414165557,4,1,1,2,3,2,1,6,7,5,2,1,5,3,1,1,3,3,3,5,1,1,2,1
412278056,3,2,5,2,1,2,5,5,1,2,2,1,4,3,1,4,2,3,2,3,2,2,2,1
412340710,2,2,2,2,1,2,5,4,6,3,3,2,3,2,2,2,2,2,3,2,1,1,1,1
410743528,2,2,2,NA,1,2,2,5,1,2,1,2,5,3,2,4,5,5,5,5,2,2,2,1
417006676,1,1,5,2,1,2,1,1,7,4,1,2,8,2,1,2,3,3,3,2,1,1,1,1
417079551,4,1,4,2,1,2,5,1,3,2,4,1,4,2,1,4,3,3,3,3,2,2,2,1
412305704,2,2,6,1,1,2,1,3,2,3,1,4,8,3,1,4,5,5,5,5,2,1,1,1
412317336,4,2,2,2,1,2,7,1,5,4,1,2,5,3,2,4,3,2,3,5,1,1,1,1
415503070,3,2,6,2,3,2,1,5,1,2,2,2,8,3,2,4,2,2,2,NA,2,2,1,1
413528907,2,1,2,NA,1,2,1,3,5,4,2,2,3,2,1,1,2,5,5,2,2,1,1,1
416383420,2,1,2,2,1,2,5,1,1,2,2,2,5,2,1,4,2,2,2,2,1,1,1,1
415983266,1,1,2,2,4,2,4,5,3,3,4,4,3,3,2,4,5,3,5,1,1,1,1,2
417352250,4,1,4,2,1,2,1,1,1,5,4,2,9,3,2,4,3,3,3,3,2,2,2,1
414785656,3,1,2,1,2,2,1,5,2,3,1,4,4,3,2,2,2,3,2,2,1,1,2,2
411992681,4,1,6,2,1,2,5,1,1,2,1,1,10,1,2,4,3,3,3,3,2,2,2,1
414366698,3,2,4,2,1,2,1,5,6,5,2,2,10,3,2,2,2,5,2,5,1,1,1,1
420238514,3,1,6,2,1,2,5,1,5,4,1,2,11,3,1,3,2,2,2,2,2,1,1,1
417077668,3,1,6,2,3,2,1,1,1,2,1,1,8,3,2,4,2,2,2,3,2,2,2,1
415451404,3,2,5,2,1,2,1,5,6,3,1,2,6,3,1,2,1,1,1,2,1,1,2,1
415028417,4,2,5,2,1,2,1,5,2,2,4,3,4,2,2,4,5,5,5,5,2,2,2,2
415332447,2,1,3,2,1,2,9,1,7,4,3,2,3,3,2,1,2,3,3,2,1,1,2,1
414582465,1,2,4,2,3,2,1,5,4,5,2,1,4,3,2,4,3,3,5,NA,1,1,2,2
419001064,1,1,5,2,1,2,1,6,1,1,4,1,7,3,1,4,3,3,3,3,2,1,2,1
413291223,2,2,2,1,1,2,5,1,1,2,1,1,7,3,1,4,2,2,3,2,1,1,1,1
413966837,3,2,2,2,1,2,9,1,1,1,4,1,4,3,2,4,2,2,2,2,2,2,2,2
414316609,3,2,2,2,1,2,2,3,5,3,4,2,2,3,2,2,2,5,3,5,1,1,1,2
415798461,2,2,5,NA,1,2,1,1,6,3,2,2,6,3,2,2,5,2,5,5,1,1,1,1
417606110,3,1,3,2,1,2,1,1,4,3,2,1,4,3,2,1,2,5,2,NA,2,1,1,1
417836192,3,1,6,2,1,2,1,1,2,2,1,1,6,2,2,4,2,2,2,2,2,1,1,2
417316773,3,1,3,2,1,2,1,1,6,4,4,2,6,3,1,2,5,5,5,5,2,2,1,1
420311788,2,1,3,1,1,2,4,5,3,1,1,1,3,3,2,4,2,2,3,3,2,1,2,2
413550039,3,1,6,2,1,2,2,1,7,3,2,1,7,2,2,1,2,3,2,2,1,1,1,1
413829420,3,1,3,2,1,2,5,5,6,3,3,2,5,2,2,2,2,3,2,3,1,1,1,1
412323912,3,1,5,2,1,2,1,5,1,2,2,1,7,3,1,4,2,2,2,2,2,2,2,2
413409469,3,2,5,2,6,2,1,1,4,4,1,1,9,3,1,1,2,2,2,2,1,1,1,1
412355929,2,2,4,1,1,2,1,5,1,3,4,1,5,3,2,4,5,5,5,5,2,2,2,2
413784765,3,2,4,1,1,2,6,3,1,1,4,2,4,3,2,4,2,2,2,2,2,2,2,1
415407015,2,2,2,NA,3,2,7,3,2,3,4,3,5,3,2,4,2,5,2,5,1,1,1,2
414044676,1,2,6,1,1,2,7,1,3,1,4,2,8,2,1,4,2,3,3,3,2,2,1,1
414175020,2,2,3,NA,1,2,1,5,1,2,4,2,7,3,2,4,2,2,3,3,1,1,1,1
412662714,1,2,3,2,1,2,1,1,6,4,1,2,7,3,1,1,2,5,2,3,2,2,1,2
412507803,1,1,6,1,4,2,1,5,2,3,2,1,9,3,2,4,3,3,2,2,2,2,2,1
414751118,2,2,3,NA,1,2,8,5,1,1,4,4,9,3,2,4,1,1,1,1,2,2,1,2
414601662,4,2,6,2,6,1,1,6,3,2,3,3,4,3,1,4,3,3,3,3,2,2,2,1
417079909,1,1,6,2,1,2,5,1,5,4,3,1,10,3,1,1,2,3,3,3,1,1,1,1
415961779,3,1,6,2,2,2,1,4,1,4,1,1,10,3,1,4,2,2,2,2,1,1,1,1
412874176,3,1,3,2,1,2,6,5,6,2,2,1,2,2,1,1,2,2,3,3,1,2,2,1
414127167,1,1,2,2,1,2,8,5,7,5,1,4,1,3,2,1,3,3,3,3,1,1,1,1
412334265,4,2,5,2,1,2,5,3,1,1,4,1,3,3,1,4,3,3,2,2,2,1,2,1
414205500,1,2,5,1,1,2,1,5,6,4,3,3,11,3,1,2,2,5,5,NA,2,1,2,1
416407500,3,1,5,1,1,2,1,1,6,3,2,2,10,3,2,2,2,3,2,2,1,1,2,1
412422471,1,1,3,2,1,2,6,1,2,3,2,2,10,3,2,4,2,4,2,3,2,2,2,1
413021004,3,2,2,2,1,2,4,4,4,5,1,2,2,3,2,1,2,2,2,3,2,1,1,1
416132023,2,2,1,2,3,2,6,3,4,3,1,4,3,3,2,4,4,4,4,4,1,1,1,1
420137004,2,1,5,1,1,2,2,5,1,2,4,1,12,3,1,4,3,3,3,2,2,1,2,2
413932320,2,2,2,2,1,2,7,1,6,3,3,2,2,3,2,2,3,3,2,2,1,1,1,1
417834831,4,1,6,2,1,2,1,1,3,2,2,1,12,3,2,2,3,5,5,5,1,2,2,1
414765320,1,1,4,2,1,2,4,5,1,1,2,1,4,3,2,4,3,3,3,NA,1,1,1,2
420127425,3,2,6,1,1,2,1,3,5,3,2,1,9,3,1,2,3,3,3,2,2,1,1,1
413443334,4,1,1,2,1,2,1,1,5,3,2,1,10,3,1,1,3,3,3,3,1,1,1,1
412240402,3,2,6,2,1,2,5,5,1,1,1,1,4,2,1,4,2,3,2,2,1,2,2,1
418249204,3,1,6,2,1,2,1,2,1,1,4,1,6,3,1,4,2,2,2,3,2,2,1,2
413487858,1,2,5,1,2,2,1,5,2,1,4,2,1,3,1,4,1,1,3,1,2,2,1,1
412275152,4,2,5,2,1,2,5,1,1,1,2,1,4,3,1,4,3,3,3,3,2,1,1,1
412411645,3,2,4,2,1,2,1,1,6,4,1,4,6,3,2,2,2,5,5,5,1,1,1,1
415710745,1,2,5,2,1,2,6,5,2,3,1,1,8,1,2,4,3,3,3,2,2,2,2,2
412416456,2,1,5,2,1,2,1,1,7,5,1,1,6,2,1,1,2,3,2,2,1,2,2,1
412415683,3,1,3,2,1,2,2,3,2,3,2,2,3,3,2,2,2,2,2,3,1,1,1,1
414355014,3,2,1,2,1,2,7,4,1,2,4,2,1,3,2,4,2,2,5,2,2,2,2,1
411688667,3,2,5,2,1,2,2,1,1,1,1,1,6,3,1,4,2,2,2,2,1,1,2,1
414147140,3,2,3,1,1,2,8,5,6,4,2,3,3,3,2,2,2,5,2,5,2,2,2,2
415217858,4,1,6,2,6,2,1,1,4,3,2,2,6,3,2,4,3,3,3,2,2,2,1,1
414290451,1,2,1,2,1,2,5,3,1,4,1,3,1,3,2,1,4,5,5,4,1,2,2,2
413594979,3,1,5,1,1,2,1,5,1,2,3,1,7,2,2,4,2,3,3,3,2,2,2,1
414517744,2,2,2,NA,1,2,7,1,6,4,3,3,3,3,1,1,1,2,1,5,1,1,2,2
413602073,3,2,6,1,1,2,5,1,1,2,4,1,15,2,1,4,2,2,2,2,2,1,2,1
417619537,3,1,6,2,1,2,9,1,7,5,1,1,12,1,1,1,2,2,2,2,1,2,1,1
416104883,3,2,6,2,4,2,1,1,1,1,4,4,13,3,2,4,5,3,3,3,2,2,2,1
414255549,3,2,2,2,1,2,7,1,6,3,4,2,5,3,1,2,2,3,2,3,2,1,2,1
417834343,4,1,6,2,1,2,1,1,7,4,2,1,12,3,1,1,3,2,3,2,1,1,1,1
412012229,3,2,5,2,4,2,7,1,1,2,1,3,2,3,2,2,5,5,5,5,1,1,1,2
412391618,2,2,6,1,1,2,1,1,1,3,1,1,11,1,2,4,2,3,3,2,1,1,2,1
420149660,2,2,6,2,1,2,2,1,1,1,4,4,8,2,1,4,5,5,5,5,2,1,2,1
417182884,2,2,2,2,1,2,5,4,4,3,1,4,4,3,1,1,5,5,5,3,2,1,1,1
414555751,1,1,2,NA,1,2,4,5,3,1,4,1,1,2,2,4,2,4,2,2,2,1,2,1
417619297,3,1,3,2,1,2,5,1,1,3,1,1,8,3,1,4,2,2,2,2,2,2,2,1
412308000,3,2,3,2,1,2,5,1,3,3,1,2,4,3,2,3,2,3,2,2,2,1,1,1
414598038,3,2,2,2,2,2,7,1,1,3,1,2,2,3,2,4,5,5,5,3,2,2,2,2
414739136,1,1,2,2,1,2,5,1,7,4,1,2,5,2,1,1,3,3,3,5,1,1,2,1
414255469,1,2,3,1,1,2,7,1,1,1,4,4,3,3,2,4,3,5,5,5,2,1,1,1
416910521,3,1,3,NA,1,2,2,5,2,1,4,2,4,3,2,4,2,1,2,1,2,1,2,1
418064424,3,1,5,2,1,2,1,1,5,4,1,1,13,3,1,1,2,2,2,2,1,2,1,1
414195744,2,1,2,2,1,2,6,5,7,4,2,3,3,3,2,2,2,2,3,2,1,1,1,1
412331351,4,2,3,2,1,2,7,1,4,2,3,1,12,3,1,4,3,3,3,3,2,2,2,2
414793306,4,2,3,1,1,2,1,5,2,1,4,1,6,3,1,4,3,3,3,3,2,1,2,2
416153828,1,2,2,2,1,2,5,3,6,4,2,1,2,2,2,1,3,3,3,5,1,1,1,1
417838346,2,1,4,2,1,2,1,1,7,5,1,2,10,1,1,1,2,3,3,2,1,1,1,1
410914971,1,1,5,1,1,2,6,1,7,5,3,1,6,3,1,1,3,3,2,2,1,1,1,1
412976088,1,1,3,2,1,2,8,5,1,1,2,2,7,2,1,4,3,5,5,5,2,1,1,1
415573012,4,1,5,2,1,2,5,1,7,5,1,1,6,3,1,2,2,2,2,2,2,1,2,2
418066430,2,1,4,2,1,2,5,1,2,3,3,1,9,2,1,4,3,2,3,2,2,2,2,2
410934005,3,1,5,1,1,2,1,1,3,1,4,2,10,2,1,4,5,3,3,2,1,2,1,1
415320515,3,2,2,NA,1,2,2,5,5,5,3,3,6,3,2,3,5,2,5,5,1,1,1,2
418063132,4,1,6,2,1,2,5,1,5,4,3,1,13,3,1,1,2,2,2,2,1,2,2,1
410938271,4,1,5,2,1,2,1,4,6,4,2,1,16,3,1,2,3,3,3,3,2,2,2,1
418068122,3,1,2,NA,1,2,7,5,5,3,2,3,5,3,2,3,5,5,5,5,2,2,1,1
414161321,3,2,3,NA,1,2,7,6,1,1,3,3,2,3,2,4,2,5,2,2,2,1,2,1
414538976,3,1,3,NA,2,2,2,5,7,2,2,2,5,1,1,2,2,3,2,2,1,1,1,1
413570300,3,2,3,1,1,2,1,1,7,5,1,2,8,3,1,2,2,2,2,2,1,1,2,1
412307617,4,2,3,1,1,2,5,1,1,2,2,1,8,2,2,4,3,3,3,3,2,2,2,1
412815335,2,2,1,2,1,2,6,5,1,2,2,2,2,3,2,4,5,2,5,2,1,1,1,2
411494468,3,1,3,2,7,2,1,1,7,5,2,1,12,3,1,1,3,2,2,2,1,1,2,1
412324156,2,1,2,2,1,2,5,1,2,3,2,3,10,2,2,2,3,3,3,5,2,1,1,1
412282924,3,2,5,1,2,2,1,5,2,3,3,3,3,2,2,3,2,2,3,3,2,1,1,2
415591173,4,1,6,2,1,2,1,5,2,3,3,2,9,1,1,3,3,3,3,3,2,1,1,2
412524043,4,2,1,2,3,2,1,5,2,3,2,2,2,3,2,3,1,1,1,1,1,1,2,2
415171063,4,2,4,1,3,2,1,1,1,4,2,3,3,3,2,4,2,2,5,5,1,1,1,1
412312551,3,1,6,1,1,2,1,5,3,3,3,1,3,1,1,4,2,5,5,5,1,1,2,1
416914516,4,1,5,2,1,2,1,5,1,2,4,2,5,3,2,3,5,3,3,5,2,2,2,1
414190559,3,2,3,2,1,2,6,5,5,4,2,2,10,3,2,1,5,5,5,5,1,1,2,1
413715710,3,2,5,1,1,2,1,1,1,1,4,1,9,2,1,4,2,2,2,2,2,2,2,1
411872051,3,1,5,2,1,2,5,2,6,4,1,1,10,2,1,1,2,2,2,2,1,1,1,1
413913364,3,2,5,1,2,2,2,6,3,2,4,1,6,2,2,4,3,3,2,2,2,2,2,1
412047621,3,2,2,2,1,2,5,1,7,5,3,1,2,3,2,1,2,2,2,2,2,1,2,1
412349016,3,2,3,2,1,2,1,5,7,5,1,1,4,3,2,1,2,3,5,5,1,1,1,1
414671712,4,2,3,1,3,2,7,1,2,2,4,2,4,3,1,3,3,2,5,5,1,1,1,2
415630186,3,1,5,2,1,2,5,1,1,2,4,1,9,3,1,4,2,3,3,2,2,1,1,1
412952200,3,1,2,2,1,2,6,1,1,1,1,1,4,3,1,4,2,2,2,2,2,2,2,2
412012853,3,1,5,2,1,2,1,5,1,1,4,1,10,3,1,4,2,2,2,2,2,2,2,1
412960000,3,1,1,2,1,2,5,4,2,4,1,3,2,2,2,3,1,2,5,5,2,1,2,1
414383102,3,1,2,2,1,2,1,5,6,4,4,1,8,3,1,1,3,2,2,2,1,1,1,2
412275565,1,2,4,2,1,2,4,5,1,1,4,1,2,3,2,4,3,3,3,3,2,1,1,1
417158481,2,2,2,2,1,2,7,1,1,3,1,3,5,3,2,2,1,3,2,2,1,1,1,2
413193964,3,2,2,2,1,2,8,5,1,1,4,2,11,3,1,4,2,2,2,2,2,2,1,1
416756456,1,1,3,2,1,2,5,1,7,5,1,1,7,3,1,1,3,2,5,5,1,1,1,1
411791437,1,2,5,2,1,2,5,6,5,4,2,2,12,2,1,2,2,3,3,3,1,1,1,1
413292638,1,2,6,1,1,2,2,1,1,2,3,1,7,3,1,4,3,3,3,3,2,2,2,1
412243894,4,2,3,2,1,2,7,1,6,4,1,3,9,3,2,2,5,2,3,5,1,1,1,2
412339655,4,2,4,2,1,2,5,3,2,3,4,1,6,2,1,4,3,3,3,3,1,1,1,1
417436777,3,2,3,NA,1,2,8,5,1,2,3,2,13,3,1,4,2,2,2,2,2,1,1,1
412391942,3,1,4,2,1,2,6,1,4,3,4,4,8,3,2,4,2,3,5,1,2,1,1,1
411873621,1,2,5,2,1,2,1,1,1,1,3,1,9,3,2,4,3,3,2,NA,2,1,2,1
416592055,1,1,2,NA,1,2,1,1,5,3,2,3,10,1,2,2,2,3,3,5,1,2,2,1
410941146,3,2,3,1,1,2,1,5,2,1,3,4,2,3,2,4,2,2,3,1,2,1,1,2
415212732,1,1,3,1,8,1,1,5,2,2,3,2,8,3,2,3,1,3,3,1,1,1,1,2
413412672,2,1,2,2,1,2,2,5,2,4,2,3,3,3,2,3,2,3,3,3,1,1,1,2
413860219,4,2,4,2,1,2,1,1,4,4,1,1,8,1,2,1,3,3,2,2,1,1,1,1
413331405,3,2,4,1,1,2,1,5,1,1,4,1,5,3,1,4,2,3,5,5,2,2,1,1
419006322,2,2,4,1,1,2,7,1,3,2,4,1,4,2,2,4,2,5,3,5,2,1,2,1
418924611,3,2,2,NA,1,2,7,1,4,3,3,3,3,NA,2,3,3,1,3,3,1,2,2,2
412815779,2,1,5,2,1,2,5,1,2,3,2,2,5,1,1,2,2,2,3,2,1,2,2,1
412204536,3,1,6,1,1,2,8,5,5,4,2,1,1,3,2,2,3,2,2,2,1,1,2,1
412398216,2,1,3,2,1,2,1,3,3,3,1,1,8,3,1,4,2,2,3,3,2,1,1,1
414976050,3,2,6,1,1,2,1,5,4,3,2,1,6,3,1,2,2,2,2,2,1,1,1,1
413380512,3,2,5,1,1,2,4,5,7,4,1,2,1,3,2,1,2,2,2,5,1,2,2,1
414432457,1,1,1,2,6,1,1,5,5,4,2,1,6,2,2,1,3,3,3,1,1,1,2,1
414518004,1,2,2,2,1,2,2,3,2,2,2,2,2,3,2,4,3,3,2,3,2,2,2,1
419001192,2,1,5,NA,1,2,1,1,1,1,4,1,14,3,1,4,2,3,3,3,2,1,2,1
414191547,1,2,3,2,2,2,5,6,1,5,1,1,2,2,2,4,3,5,2,3,2,2,2,1
418063225,1,1,5,2,1,2,1,1,4,4,4,1,8,1,1,1,3,3,2,2,1,1,1,1
418854282,1,1,6,1,1,2,1,1,7,5,2,1,10,2,1,1,2,2,2,2,1,1,1,1
414185782,4,2,5,1,1,2,1,6,2,2,4,2,8,3,2,3,3,2,3,3,2,1,2,1
414734196,1,2,3,NA,1,2,1,5,7,4,2,1,9,3,2,1,3,5,3,2,1,1,1,2
414179776,3,2,2,2,1,2,6,3,7,5,1,2,3,3,2,1,2,2,2,2,1,2,2,1
413204395,3,2,2,2,1,2,2,4,4,3,1,3,2,3,2,3,4,4,4,4,1,2,2,1
417837666,3,1,6,2,1,2,5,5,1,2,1,1,7,3,1,4,2,2,2,3,2,1,2,1
414219538,3,2,5,2,1,1,2,1,7,5,1,1,8,3,1,1,2,3,2,2,1,2,2,1
413020073,3,2,2,2,1,2,5,3,1,4,1,2,2,3,2,4,2,2,2,2,1,2,2,1
418306559,4,2,5,2,3,2,7,1,2,2,2,1,3,3,2,4,2,2,2,3,2,1,1,1
418116738,2,1,1,2,1,2,6,5,3,2,1,4,4,3,2,4,1,1,5,1,1,2,1,2
420192165,3,2,3,2,1,2,5,4,4,4,1,2,9,3,2,3,5,5,5,5,1,1,1,1
416472207,2,2,2,NA,1,2,5,4,2,2,3,2,3,2,1,4,2,3,5,5,1,1,1,1
416335638,4,2,3,1,3,2,2,5,1,1,3,2,4,3,2,4,2,5,5,5,2,1,2,2
411984486,2,2,5,2,1,2,2,1,7,5,1,1,3,3,2,4,2,2,2,2,2,1,1,1
415676776,3,2,4,1,1,2,7,1,5,4,1,2,7,3,1,3,3,3,3,2,1,1,1,1
414362101,1,2,2,2,1,2,2,4,7,4,1,1,4,1,2,1,3,3,3,2,1,1,1,1
413800647,3,2,3,NA,1,2,7,1,4,3,4,4,9,3,2,3,5,5,5,1,1,1,2,1
412391730,2,1,6,2,1,2,1,5,1,2,4,1,9,3,1,4,2,2,3,3,2,2,2,2
412905800,3,1,2,2,1,2,1,1,7,5,2,1,16,2,1,1,2,2,2,2,1,2,1,1
414379114,2,1,2,2,1,2,2,5,5,4,2,1,6,3,2,1,3,3,3,5,1,2,2,2
413432066,3,1,3,2,2,2,1,5,2,2,2,2,4,3,2,4,2,2,2,2,2,2,2,1
420128728,3,2,3,2,1,2,1,1,7,3,1,2,6,3,2,2,2,2,3,2,2,1,1,1
410933174,2,1,5,2,1,2,1,3,5,5,1,1,8,3,2,1,2,2,3,3,1,1,1,1
419690598,3,1,4,2,1,2,1,1,3,3,2,1,9,3,1,4,3,3,3,2,2,2,2,1
415545763,2,2,6,1,1,2,1,1,1,1,3,2,9,1,1,4,2,2,3,2,2,2,2,2
414327580,3,2,2,2,1,2,5,1,6,4,1,1,5,3,1,2,2,2,2,2,2,1,1,1
412022594,1,2,5,2,1,2,5,3,1,2,3,2,9,3,1,4,3,3,2,2,2,1,1,1
414091490,2,2,3,2,2,2,2,5,3,2,4,1,5,3,2,4,2,3,3,3,2,1,2,2
414842386,4,2,3,2,4,2,8,5,1,2,4,2,11,3,2,4,3,5,3,5,2,1,1,2
417841646,2,2,2,2,1,2,6,1,2,1,3,3,2,2,2,4,2,3,3,3,2,1,1,1
413327747,3,2,6,1,1,2,4,5,1,1,3,1,2,3,2,4,2,3,2,3,2,1,2,1
418227956,1,1,3,NA,1,2,8,5,1,1,4,1,2,3,2,4,2,1,3,5,2,1,1,1
417619375,2,1,6,2,1,2,5,1,1,3,1,2,7,3,1,4,2,2,2,2,2,1,2,1
412003311,3,1,5,2,1,2,9,5,7,4,4,1,1,2,1,1,2,3,3,3,1,1,2,1
415226726,3,2,3,2,1,2,1,6,4,3,3,1,2,3,2,4,5,5,5,5,2,1,1,1
412999988,3,1,3,2,1,2,1,2,2,2,2,2,6,2,1,2,2,3,2,3,1,1,2,1
417615837,2,2,2,2,1,2,1,1,1,1,2,1,9,3,1,4,2,3,2,2,2,1,2,1
412534260,2,1,2,2,2,2,5,1,4,4,1,1,3,2,2,1,5,3,2,2,1,1,1,1
416653141,1,2,6,1,1,2,1,1,2,3,4,2,13,3,1,4,3,3,3,3,1,1,2,1
412374726,1,2,3,1,1,2,8,5,3,3,4,4,1,3,2,2,5,5,5,5,1,1,1,2
414506279,3,2,1,2,1,2,5,1,7,4,2,2,7,2,1,1,2,2,2,2,1,1,1,1
413001437,1,1,2,2,1,2,5,1,7,4,1,1,10,3,1,1,3,3,3,3,1,1,1,1
419596968,3,1,3,2,1,2,5,1,4,4,3,3,11,2,2,1,2,2,2,3,1,1,2,1
415708845,2,1,4,2,2,2,2,5,1,2,2,1,3,3,2,1,5,2,5,2,1,2,2,1
412290979,4,1,6,2,1,2,5,6,1,1,4,1,5,2,1,4,3,3,3,3,2,1,1,1
414231501,3,2,2,2,1,2,5,3,2,4,1,3,2,3,2,2,3,3,3,3,1,1,1,1
413632505,2,2,3,1,1,2,7,1,7,4,1,1,4,3,2,1,5,3,2,2,1,1,1,1
415341672,1,2,3,1,1,2,5,4,4,3,2,3,2,3,2,2,5,5,5,5,1,1,1,1
416718487,2,1,2,NA,1,2,6,5,3,2,4,1,2,3,2,4,1,3,5,2,2,1,1,2
412333988,3,2,2,2,1,2,1,1,7,4,1,1,4,3,2,1,2,2,2,2,1,1,1,2
413086828,3,1,5,1,1,2,1,5,6,4,1,1,4,3,2,3,2,2,2,2,1,2,2,1
411885475,2,1,6,2,1,2,5,3,5,4,2,1,2,3,1,2,3,5,3,3,1,1,2,1
413379901,1,2,5,2,3,2,1,3,1,2,2,1,9,1,2,4,3,3,5,3,2,1,2,2
412311020,4,1,3,2,1,2,5,1,7,5,1,1,6,3,1,1,3,3,3,2,1,2,2,1
412350107,1,2,3,2,2,2,2,4,2,2,1,2,2,3,2,4,2,3,2,5,2,1,2,1
411873042,4,1,5,2,4,2,5,1,1,3,4,1,12,2,1,4,3,3,3,3,1,1,1,1
410922953,4,2,3,2,1,2,5,3,3,2,4,1,3,2,1,4,2,2,2,2,2,1,2,1
413869858,4,2,1,NA,3,2,7,5,7,2,1,1,2,3,2,4,3,5,5,5,2,2,2,2
413261069,1,1,3,2,1,1,1,3,5,3,2,1,6,1,1,1,3,3,3,3,1,1,1,1
412379539,4,1,2,2,1,2,6,3,5,4,2,1,2,3,2,1,3,3,2,5,1,1,1,1
410745596,3,2,4,2,4,2,1,1,5,3,2,2,4,3,2,2,2,3,3,5,1,1,2,2
414118145,1,1,4,2,1,2,1,6,2,4,3,2,3,3,2,2,3,2,3,2,1,1,1,2
412285035,1,2,2,2,1,2,7,1,5,3,3,1,6,1,1,2,3,3,3,3,1,1,1,1
413120971,3,2,4,2,1,2,1,1,5,5,1,2,7,3,2,2,5,5,5,5,2,2,1,1
412324065,3,2,6,2,1,2,1,1,3,3,1,1,10,1,1,4,2,2,2,2,2,1,1,1
410945270,2,1,6,2,1,2,5,1,3,3,2,1,14,3,1,4,2,2,3,2,2,1,2,1
414240025,2,2,5,1,2,2,1,5,1,2,2,3,6,3,2,4,2,3,3,2,2,2,1,2
420156780,2,2,5,2,1,2,1,5,2,3,3,1,6,3,1,4,2,2,3,2,1,2,2,1
412382118,2,2,6,NA,3,2,5,1,5,4,1,1,9,3,1,1,2,2,2,2,1,1,1,1
414206234,2,1,1,NA,7,2,4,5,4,5,1,2,1,3,2,4,1,3,1,1,1,1,1,1
